Workbook

Sheet Normas
A1: Aprendiz de Excel - Mundial de Clubes 2025
B3: 2$ por participar. Imprescindible entregar resultados y se pagara al final del torneo al ganador.
C5: Puntos | D5: Puntos máx | G5: Reparto de Premios
B6: Signo de partido (1x2) en FG | C6: 3 | D6: =C6*6*8 -> 144 | G6: Fase de grupos | I6: Fase de eliminatorias | K6: General
B7: Número goles L ó V en FG | C7: 0 | D7: =C7*2*6*8 -> 0 | G7: Primero | H7: 1 | I7: Primero | J7: 1 | K7: Primero | L7: 1
B8: Puntos adicionales resultado exacto FG | C8: 5 | D8: =C8*6*8 -> 240 | G8: Segundo | H8: 0 | I8: Segundo | J8: 0 | K8: Segundo | L8: 0
B9: Signo de partido (1x2) en Octavos | C9: 9 | D9: =C9*8 -> 72 | G9: Tercero | H9: 0 | I9: Tercero | J9: 0 | K9: Tercero | L9: 0
B10: Número goles L ó V en Octavos | C10: 0 | D10: =C10*2*8 -> 0 | G10: Cuarto | H10: 0 | I10: Cuarto | J10: 0 | K10: Cuarto | L10: 0
B11: Puntos adicionales resultado exacto Octavos | C11: 15 | D11: =C11*8 -> 120 | G11: Quinto | H11: 0 | I11: Quinto | J11: 0 | K11: Quinto | L11: 0
B12: Signo de partido (1x2) en Cuartos | C12: 9 | D12: =C12*4 -> 36 | G12: Último | H12: 0 | I12: Último | J12: 0 | K12: Último | L12: 0.02
B13: Número goles L ó V en Cuartos | C13: 0 | D13: =C13*2*4 -> 0 | G13: Ganador de cada grupo | H13: 0
B14: Puntos adicionales resultado exacto Cuartos | C14: =+C11 -> 15 | D14: =C14*4 -> 60 | G14: Total | H14: =SUM(H7:H12)+H13*8 -> 1 | I14: Total | J14: =SUM(J7:J12) -> 1 | K14: Total | L14: =SUM(L7:L12) -> 1.02
B15: Signo de partido (1x2) en Semis | C15: 9 | D15: =C15*2 -> 18
B16: Número goles L ó V en Semis | C16: 0 | D16: =C16*2*2 -> 0
B17: Puntos adicionales resultado exacto Semis | C17: 15 | D17: =C17*2 -> 30
B18: Signo de partido (1x2) en Final | C18: 9 | D18: =C18 -> 9
B19: Número goles L ó V en Final | C19: 0 | D19: =C19*2 -> 0 | I19: Aprendiz de Excel
B20: Puntos adicionales resultado exacto Final | C20: 15 | D20: =C20 -> 15
B21: Equipos campeones de grupo | C21: 15 | D21: =+C21*8 -> 120 | I21: Vídeo YouTube
B22: Equipos que pasan a octavos | C22: 20 | D22: =+C22*8 -> 160
B23: Equipos que pasan a cuartos | C23: 25 | D23: =+C23*8 -> 200
B24: Equipos que pasan a semis | C24: 30 | D24: =+C24*4 -> 120
B25: Equipos que juegan la final | C25: 35 | D25: =+C25*2 -> 70
B26: Campeón | C26: 50 | D26: =+C26 -> 50
B28: Nombre | C28: robstan luibo
B30: Mail | C30: robstanlubo@gmail.com
B32: Teléfono | C32: 4126737263 | F32: UTC | G32: 2
C34: Puntos | D34: Puntos máx
B35: Goleador | C35: 15 | D35: 15 | E35: halland
B36: Max. Asistidor | C36: 15 | D36: 15 | E36: reinders
B37: MVP del torneo | C37: 15 | D37: 15 | E37: MBAPPE
B38: Portero de oro | C38: 15 | D38: 15 | E38: COURTOIS
B39: MOP del torneo (Jugador decepcion) | C39: 15 | D39: 15 | E39: DEMBELE
B40: Equipo San marino (peor equipo de la competicion) | C40: 15 | D40: 15 | E40: WYDAD

Sheet Previa
A1: Aprendiz de Excel - Mundial de Clubes 2025
C8: # | D8: Fechas | E8: Horas | H8: CUARTOS | S8: Estadios | U8: Ganadores
A10: 1A | B10: 2B | C10: 0 | D10: =VLOOKUP(C10,Aux!M:AH,4,0) -> 45809.188 | E10: =VLOOKUP(C10,Aux!M:AH,4,0) -> 45809.188 | G10: =IFERROR(VLOOKUP(H10,Aux!$A:$X,8,0),"") -> #VALUE! | H10: Los Angeles | I10: =IFERROR(VLOOKUP(H10,Aux!$A:$C,3,0),"") -> #VALUE! | K10: 2 | L10: - | M10: 1 | O10: =IFERROR(VLOOKUP(P10,Aux!$A:$C,3,0),"") -> #VALUE! | P10: América | Q10: =IFERROR(VLOOKUP(P10,Aux!$A:$X,8,0),"") -> #VALUE! | S10: =+VLOOKUP(C10,Aux!M:AZ,7,0) -> BMO Stadium | U10: =IF(OR(K10="",M10=""),"",IF(K10>M10,H10,IF(K10<M10,P10,IF(OR(K11="",M11=""),"",IF(K11=M11,"",IF(K11>M11,H10,P10)))))) -> Los Angeles
H11: Penaltis | L11: -

Sheet A
A1: Aprendiz de Excel - Mundial de Clubes 2025
AY5: 2º | BA5: =VLOOKUP(BA8,$AH$10:$AW$16,15,0) -> 0 | BB5: =VLOOKUP(BB8,$AH$10:$AW$16,15,0) -> 0 | BC5: =VLOOKUP(BC8,$AH$10:$AW$16,15,0) -> 0.10001 | BD5: =VLOOKUP(BD8,$AH$10:$AW$16,15,0) -> 0.10001
AH6: A | AY6: 1º | BA6: =VLOOKUP(BA8,$AH$10:$AW$16,14,0) -> 0 | BB6: =VLOOKUP(BB8,$AH$10:$AW$16,14,0) -> 3 | BC6: =VLOOKUP(BC8,$AH$10:$AW$16,14,0) -> 7 | BD6: =VLOOKUP(BD8,$AH$10:$AW$16,14,0) -> 7
B7: # | C7: Fechas | D7: Horas | E7: PARTIDOS | R7: Estadios | T7: POSICIONES
W8: Pts. | X8: Gan. | Y8: Emp. | Z8: Per. | AA8: GF | AB8: GC | AC8: Dif. | AH8: País | AI8: J | AJ8: Pts. | AK8: Gan. | AL8: Emp. | AM8: Per. | AN8: GF | AO8: GC | AP8: DG | AQ8: JL | AR8: ED | AU8: 1º Criterio | AV8: 2º Criterio | AW8: 3º Criterio | BA8: =AH10 -> Al-Ahly | BB8: =AH12 -> Inter Miami | BC8: =AH14 -> Palmeiras | BD8: =AH16 -> Porto
B9: {=_xlfn.REDUCE("",_xlfn.TAKE(_xlfn._xlws.FILTER(Aux!M:T,Aux!T:T=AH6),,1),_xlfn.LAMBDA(_xlpm.t,_xlpm.p,_xlfn.VSTACK(_xlpm.t,_xlpm.p,"")))}
B10: 1 | C10: =VLOOKUP(B10,Aux!M:AH,4,0) -> 45823.083 | D10: =VLOOKUP(B10,Aux!M:AH,4,0) -> 45823.083 | F10: =IFERROR(VLOOKUP(G10,Aux!$A:$X,8,0),"") -> #VALUE! | G10: =VLOOKUP(B10,Aux!M:Y,5,0) -> Al-Ahly | H10: =IFERROR(VLOOKUP(G10,Aux!$A:$C,3,0),"") -> #VALUE! | J10: 0 | K10: - | L10: 2 | N10: =IFERROR(VLOOKUP(O10,Aux!$A:$C,3,0),"") -> #VALUE! | O10: =VLOOKUP(B10,Aux!M:Y,6,0) -> Inter Miami | P10: =IFERROR(VLOOKUP(O10,Aux!$A:$X,8,0),"") -> #VALUE! | R10: =VLOOKUP(B10,Aux!M:Y,7,0) -> Hard Rock Stadium | T10: =INDEX($AH$10:$AH$17,MATCH(1,$AY$10:$AY$16,0)) -> Palmeiras | U10: =IFERROR(VLOOKUP(T10,Aux!A:C,3,0),"") -> #VALUE! | W10: =VLOOKUP($T10,$AH$10:$AO$16,3,0) -> 7 | X10: =VLOOKUP($T10,$AH$10:$AO$16,4,0) -> 2 | Y10: =VLOOKUP($T10,$AH$10:$AO$16,5,0) -> 1 | Z10: =VLOOKUP($T10,$AH$10:$AO$16,6,0) -> 0 | AA10: =VLOOKUP($T10,$AH$10:$AO$16,7,0) -> 6 | AB10: =VLOOKUP($T10,$AH$10:$AO$16,8,0) -> 3 | AC10: =AA10-AB10 -> 3 | AG10: 1 | AH10: =VLOOKUP($AH$6&AG10,Aux!Z:AA,2,0) -> Al-Ahly | AI10: =AK10+AL10+AM10 -> 3 | AJ10: =AK10*3+AL10 -> 0 | AK10: {=SUM(($G$10:$G$23=$AH10)*($J$10:$J$23>$L$10:$L$23)+($O$10:$O$23=$AH10)*($J$10:$J$23<$L$10:$L$23))} -> 0 | AL10: {=SUM(($G$10:$G$23=$AH10)*($J$10:$J$23=$L$10:$L$23)*($J$10:$J$23<>"")+($O$10:$O$23=$AH10)*($J$10:$J$23=$L$10:$L$23)*($J$10:$J$23<>""))} -> 0 | AM10: {=SUM(($G$10:$G$23=$AH10)*($J$10:$J$23<$L$10:$L$23)+($O$10:$O$23=$AH10)*($J$10:$J$23>$L$10:$L$23))} -> 3 | AN10: {=SUM(($G$10:$G$23=$AH10)*($J$10:$J$23)+($O$10:$O$23=$AH10)*($L$10:$L$23))} -> 0 | AO10: {=SUM(($G$10:$G$23=$AH10)*($L$10:$L$23)+($O$10:$O$23=$AH10)*($J$10:$J$23))} -> 6 | AP10: =AN10-AO10 -> -6 | AQ10: 0 | AR10: =+AW10+AV10+AU10 -> -2e-06 | AU10: =+AJ10 -> 0 | AV10: =SUMIFS($BA10:$BD10,$BA$6:$BD$6,AJ10)/1000 -> 0 | AW10: =SUMIFS($BA10:$BD10,$BA$5:$BD$5,AV10)/1000000 -> -2e-06 | AX10: =_xlfn.RANK.EQ(AJ10,$AJ$10:$AJ$16)+_xlfn.RANK.EQ(AR10,$AR$10:$AR$16)/10+_xlfn.RANK.EQ(AP10,$AP$10:$AP$16)/1000+_xlfn.RANK.EQ(AN10,$AN$10:$AN$16)/100000+_xlfn.RANK.EQ(AQ10,$AQ$10:$AQ$16)/100000+ROW()/1000000 -> 4.40406 | AY10: =_xlfn.RANK.EQ(AX10,$AX$10:$AX$16,1) -> 4 | BA10: {=(SUM(($G$10:$G$23=$AH10)*($J$10:$J$23>$L$10:$L$23)*($O$10:$O$23=BA$8)+($O$10:$O$23=$AH10)*($J$10:$J$23<$L$10:$L$23)*($G$10:$G$23=BA$8)))*300+ (SUM(($G$10:$G$23=$AH10)*($J$10:$J$23=$L$10:$L$23)*($O$10:$O$23=BA$8)+($O$10:$O$23=$AH10)*($J$10:$J$23=$L$10:$L$23)*($G$10:$G$23=BA$8)))*100 +SUM(($G$10:$G$23=$AH10)*($J$10:$J$23)*($O$10:$O$23=BA$8)+($O$10:$O$23=$AH10)*($L$10:$L$23)*($G$10:$G$23=BA$8)) -SUM(($G$10:$G$23=$AH10)*($L$10:$L$23)*($O$10:$O$23=BA$8)+($O$10:$O$23=$AH10)*($J$10:$J$23)*($G$10:$G$23=BA$8)) +SUM(($G$10:$G$23=$AH10)*($J$10:$J$23)*($O$10:$O$23=BA$8)+($O$10:$O$23=$AH10)*($L$10:$L$23)*($G$10:$G$23=BA$8))/100} -> 0 | BB10: {=(SUM(($G$10:$G$23=$AH10)*($J$10:$J$23>$L$10:$L$23)*($O$10:$O$23=BB$8)+($O$10:$O$23=$AH10)*($J$10:$J$23<$L$10:$L$23)*($G$10:$G$23=BB$8)))*300+ (SUM(($G$10:$G$23=$AH10)*($J$10:$J$23=$L$10:$L$23)*($O$10:$O$23=BB$8)+($O$10:$O$23=$AH10)*($J$10:$J$23=$L$10:$L$23)*($G$10:$G$23=BB$8)))*100 +SUM(($G$10:$G$23=$AH10)*($J$10:$J$23)*($O$10:$O$23=BB$8)+($O$10:$O$23=$AH10)*($L$10:$L$23)*($G$10:$G$23=BB$8)) -SUM(($G$10:$G$23=$AH10)*($L$10:$L$23)*($O$10:$O$23=BB$8)+($O$10:$O$23=$AH10)*($J$10:$J$23)*($G$10:$G$23=BB$8)) +SUM(($G$10:$G$23=$AH10)*($J$10:$J$23)*($O$10:$O$23=BB$8)+($O$10:$O$23=$AH10)*($L$10:$L$23)*($G$10:$G$23=BB$8))/100} -> -2 | BC10: {=(SUM(($G$10:$G$23=$AH10)*($J$10:$J$23>$L$10:$L$23)*($O$10:$O$23=BC$8)+($O$10:$O$23=$AH10)*($J$10:$J$23<$L$10:$L$23)*($G$10:$G$23=BC$8)))*300+ (SUM(($G$10:$G$23=$AH10)*($J$10:$J$23=$L$10:$L$23)*($O$10:$O$23=BC$8)+($O$10:$O$23=$AH10)*($J$10:$J$23=$L$10:$L$23)*($G$10:$G$23=BC$8)))*100 +SUM(($G$10:$G$23=$AH10)*($J$10:$J$23)*($O$10:$O$23=BC$8)+($O$10:$O$23=$AH10)*($L$10:$L$23)*($G$10:$G$23=BC$8)) -SUM(($G$10:$G$23=$AH10)*($L$10:$L$23)*($O$10:$O$23=BC$8)+($O$10:$O$23=$AH10)*($J$10:$J$23)*($G$10:$G$23=BC$8)) +SUM(($G$10:$G$23=$AH10)*($J$10:$J$23)*($O$10:$O$23=BC$8)+($O$10:$O$23=$AH10)*($L$10:$L$23)*($G$10:$G$23=BC$8))/100} -> -2 | BD10: {=(SUM(($G$10:$G$23=$AH10)*($J$10:$J$23>$L$10:$L$23)*($O$10:$O$23=BD$8)+($O$10:$O$23=$AH10)*($J$10:$J$23<$L$10:$L$23)*($G$10:$G$23=BD$8)))*300+ (SUM(($G$10:$G$23=$AH10)*($J$10:$J$23=$L$10:$L$23)*($O$10:$O$23=BD$8)+($O$10:$O$23=$AH10)*($J$10:$J$23=$L$10:$L$23)*($G$10:$G$23=BD$8)))*100 +SUM(($G$10:$G$23=$AH10)*($J$10:$J$23)*($O$10:$O$23=BD$8)+($O$10:$O$23=$AH10)*($L$10:$L$23)*($G$10:$G$23=BD$8)) -SUM(($G$10:$G$23=$AH10)*($L$10:$L$23)*($O$10:$O$23=BD$8)+($O$10:$O$23=$AH10)*($J$10:$J$23)*($G$10:$G$23=BD$8)) +SUM(($G$10:$G$23=$AH10)*($J$10:$J$23)*($O$10:$O$23=BD$8)+($O$10:$O$23=$AH10)*($L$10:$L$23)*($G$10:$G$23=BD$8))/100} -> -2
B12: 4 | C12: =VLOOKUP(B12,Aux!M:AH,4,0) -> 45824 | D12: =VLOOKUP(B12,Aux!M:AH,4,0) -> 45824 | F12: =IFERROR(VLOOKUP(G12,Aux!$A:$X,8,0),"") -> #VALUE! | G12: =VLOOKUP(B12,Aux!M:Y,5,0) -> Palmeiras | H12: =IFERROR(VLOOKUP(G12,Aux!$A:$C,3,0),"") -> #VALUE! | J12: 1 | K12: - | L12: 1 | N12: =IFERROR(VLOOKUP(O12,Aux!$A:$C,3,0),"") -> #VALUE! | O12: =VLOOKUP(B12,Aux!M:Y,6,0) -> Porto | P12: =IFERROR(VLOOKUP(O12,Aux!$A:$X,8,0),"") -> #VALUE! | R12: =VLOOKUP(B12,Aux!M:Y,7,0) -> MetLife Stadium | T12: =INDEX($AH$10:$AH$17,MATCH(2,$AY$10:$AY$16,0)) -> Porto | U12: =IFERROR(VLOOKUP(T12,Aux!A:C,3,0),"") -> #VALUE! | W12: =VLOOKUP($T12,$AH$10:$AO$16,3,0) -> 7 | X12: =VLOOKUP($T12,$AH$10:$AO$16,4,0) -> 2 | Y12: =VLOOKUP($T12,$AH$10:$AO$16,5,0) -> 1 | Z12: =VLOOKUP($T12,$AH$10:$AO$16,6,0) -> 0 | AA12: =VLOOKUP($T12,$AH$10:$AO$16,7,0) -> 5 | AB12: =VLOOKUP($T12,$AH$10:$AO$16,8,0) -> 2 | AC12: =AA12-AB12 -> 3 | AG12: 2 | AH12: =VLOOKUP($AH$6&AG12,Aux!Z:AA,2,0) -> Inter Miami | AI12: =AK12+AL12+AM12 -> 3 | AJ12: =AK12*3+AL12 -> 3 | AK12: {=SUM(($G$10:$G$23=$AH12)*($J$10:$J$23>$L$10:$L$23)+($O$10:$O$23=$AH12)*($J$10:$J$23<$L$10:$L$23))} -> 1 | AL12: {=SUM(($G$10:$G$23=$AH12)*($J$10:$J$23=$L$10:$L$23)*($J$10:$J$23<>"")+($O$10:$O$23=$AH12)*($J$10:$J$23=$L$10:$L$23)*($J$10:$J$23<>""))} -> 0 | AM12: {=SUM(($G$10:$G$23=$AH12)*($J$10:$J$23<$L$10:$L$23)+($O$10:$O$23=$AH12)*($J$10:$J$23>$L$10:$L$23))} -> 2 | AN12: {=SUM(($G$10:$G$23=$AH12)*($J$10:$J$23)+($O$10:$O$23=$AH12)*($L$10:$L$23))} -> 5 | AO12: {=SUM(($G$10:$G$23=$AH12)*($L$10:$L$23)+($O$10:$O$23=$AH12)*($J$10:$J$23))} -> 5 | AP12: =AN12-AO12 -> 0 | AQ12: 0 | AR12: =+AW12+AV12+AU12 -> 3.000302 | AU12: =+AJ12 -> 3 | AV12: =SUMIFS($BA12:$BD12,$BA$6:$BD$6,AJ12)/1000 -> 0 | AW12: =SUMIFS($BA12:$BD12,$BA$5:$BD$5,AV12)/1000000 -> 0.00030202 | AX12: =_xlfn.RANK.EQ(AJ12,$AJ$10:$AJ$16)+_xlfn.RANK.EQ(AR12,$AR$10:$AR$16)/10+_xlfn.RANK.EQ(AP12,$AP$10:$AP$16)/1000+_xlfn.RANK.EQ(AN12,$AN$10:$AN$16)/100000+_xlfn.RANK.EQ(AQ12,$AQ$10:$AQ$16)/100000+ROW()/1000000 -> 3.303042 | AY12: =_xlfn.RANK.EQ(AX12,$AX$10:$AX$16,1) -> 3 | BA12: {=(SUM(($G$10:$G$23=$AH12)*($J$10:$J$23>$L$10:$L$23)*($O$10:$O$23=BA$8)+($O$10:$O$23=$AH12)*($J$10:$J$23<$L$10:$L$23)*($G$10:$G$23=BA$8)))*300+ (SUM(($G$10:$G$23=$AH12)*($J$10:$J$23=$L$10:$L$23)*($O$10:$O$23=BA$8)+($O$10:$O$23=$AH12)*($J$10:$J$23=$L$10:$L$23)*($G$10:$G$23=BA$8)))*100 +SUM(($G$10:$G$23=$AH12)*($J$10:$J$23)*($O$10:$O$23=BA$8)+($O$10:$O$23=$AH12)*($L$10:$L$23)*($G$10:$G$23=BA$8)) -SUM(($G$10:$G$23=$AH12)*($L$10:$L$23)*($O$10:$O$23=BA$8)+($O$10:$O$23=$AH12)*($J$10:$J$23)*($G$10:$G$23=BA$8)) +SUM(($G$10:$G$23=$AH12)*($J$10:$J$23)*($O$10:$O$23=BA$8)+($O$10:$O$23=$AH12)*($L$10:$L$23)*($G$10:$G$23=BA$8))/100} -> 302.02 | BB12: {=(SUM(($G$10:$G$23=$AH12)*($J$10:$J$23>$L$10:$L$23)*($O$10:$O$23=BB$8)+($O$10:$O$23=$AH12)*($J$10:$J$23<$L$10:$L$23)*($G$10:$G$23=BB$8)))*300+ (SUM(($G$10:$G$23=$AH12)*($J$10:$J$23=$L$10:$L$23)*($O$10:$O$23=BB$8)+($O$10:$O$23=$AH12)*($J$10:$J$23=$L$10:$L$23)*($G$10:$G$23=BB$8)))*100 +SUM(($G$10:$G$23=$AH12)*($J$10:$J$23)*($O$10:$O$23=BB$8)+($O$10:$O$23=$AH12)*($L$10:$L$23)*($G$10:$G$23=BB$8)) -SUM(($G$10:$G$23=$AH12)*($L$10:$L$23)*($O$10:$O$23=BB$8)+($O$10:$O$23=$AH12)*($J$10:$J$23)*($G$10:$G$23=BB$8)) +SUM(($G$10:$G$23=$AH12)*($J$10:$J$23)*($O$10:$O$23=BB$8)+($O$10:$O$23=$AH12)*($L$10:$L$23)*($G$10:$G$23=BB$8))/100} -> 0 | BC12: {=(SUM(($G$10:$G$23=$AH12)*($J$10:$J$23>$L$10:$L$23)*($O$10:$O$23=BC$8)+($O$10:$O$23=$AH12)*($J$10:$J$23<$L$10:$L$23)*($G$10:$G$23=BC$8)))*300+ (SUM(($G$10:$G$23=$AH12)*($J$10:$J$23=$L$10:$L$23)*($O$10:$O$23=BC$8)+($O$10:$O$23=$AH12)*($J$10:$J$23=$L$10:$L$23)*($G$10:$G$23=BC$8)))*100 +SUM(($G$10:$G$23=$AH12)*($J$10:$J$23)*($O$10:$O$23=BC$8)+($O$10:$O$23=$AH12)*($L$10:$L$23)*($G$10:$G$23=BC$8)) -SUM(($G$10:$G$23=$AH12)*($L$10:$L$23)*($O$10:$O$23=BC$8)+($O$10:$O$23=$AH12)*($J$10:$J$23)*($G$10:$G$23=BC$8)) +SUM(($G$10:$G$23=$AH12)*($J$10:$J$23)*($O$10:$O$23=BC$8)+($O$10:$O$23=$AH12)*($L$10:$L$23)*($G$10:$G$23=BC$8))/100} -> -0.98 | BD12: {=(SUM(($G$10:$G$23=$AH12)*($J$10:$J$23>$L$10:$L$23)*($O$10:$O$23=BD$8)+($O$10:$O$23=$AH12)*($J$10:$J$23<$L$10:$L$23)*($G$10:$G$23=BD$8)))*300+ (SUM(($G$10:$G$23=$AH12)*($J$10:$J$23=$L$10:$L$23)*($O$10:$O$23=BD$8)+($O$10:$O$23=$AH12)*($J$10:$J$23=$L$10:$L$23)*($G$10:$G$23=BD$8)))*100 +SUM(($G$10:$G$23=$AH12)*($J$10:$J$23)*($O$10:$O$23=BD$8)+($O$10:$O$23=$AH12)*($L$10:$L$23)*($G$10:$G$23=BD$8)) -SUM(($G$10:$G$23=$AH12)*($L$10:$L$23)*($O$10:$O$23=BD$8)+($O$10:$O$23=$AH12)*($J$10:$J$23)*($G$10:$G$23=BD$8)) +SUM(($G$10:$G$23=$AH12)*($J$10:$J$23)*($O$10:$O$23=BD$8)+($O$10:$O$23=$AH12)*($L$10:$L$23)*($G$10:$G$23=BD$8))/100} -> -0.99
B14: 17 | C14: =VLOOKUP(B14,Aux!M:AH,4,0) -> 45827.75 | D14: =VLOOKUP(B14,Aux!M:AH,4,0) -> 45827.75 | F14: =IFERROR(VLOOKUP(G14,Aux!$A:$X,8,0),"") -> #VALUE! | G14: =VLOOKUP(B14,Aux!M:Y,5,0) -> Palmeiras | H14: =IFERROR(VLOOKUP(G14,Aux!$A:$C,3,0),"") -> #VALUE! | J14: 2 | K14: - | L14: 0 | N14: =IFERROR(VLOOKUP(O14,Aux!$A:$C,3,0),"") -> #VALUE! | O14: =VLOOKUP(B14,Aux!M:Y,6,0) -> Al-Ahly | P14: =IFERROR(VLOOKUP(O14,Aux!$A:$X,8,0),"") -> #VALUE! | R14: =VLOOKUP(B14,Aux!M:Y,7,0) -> MetLife Stadium | T14: =INDEX($AH$10:$AH$17,MATCH(3,$AY$10:$AY$16,0)) -> Inter Miami | U14: =IFERROR(VLOOKUP(T14,Aux!A:C,3,0),"") -> #VALUE! | W14: =VLOOKUP($T14,$AH$10:$AO$16,3,0) -> 3 | X14: =VLOOKUP($T14,$AH$10:$AO$16,4,0) -> 1 | Y14: =VLOOKUP($T14,$AH$10:$AO$16,5,0) -> 0 | Z14: =VLOOKUP($T14,$AH$10:$AO$16,6,0) -> 2 | AA14: =VLOOKUP($T14,$AH$10:$AO$16,7,0) -> 5 | AB14: =VLOOKUP($T14,$AH$10:$AO$16,8,0) -> 5 | AC14: =AA14-AB14 -> 0 | AG14: 3 | AH14: =VLOOKUP($AH$6&AG14,Aux!Z:AA,2,0) -> Palmeiras | AI14: =AK14+AL14+AM14 -> 3 | AJ14: =AK14*3+AL14 -> 7 | AK14: {=SUM(($G$10:$G$23=$AH14)*($J$10:$J$23>$L$10:$L$23)+($O$10:$O$23=$AH14)*($J$10:$J$23<$L$10:$L$23))} -> 2 | AL14: {=SUM(($G$10:$G$23=$AH14)*($J$10:$J$23=$L$10:$L$23)*($J$10:$J$23<>"")+($O$10:$O$23=$AH14)*($J$10:$J$23=$L$10:$L$23)*($J$10:$J$23<>""))} -> 1 | AM14: {=SUM(($G$10:$G$23=$AH14)*($J$10:$J$23<$L$10:$L$23)+($O$10:$O$23=$AH14)*($J$10:$J$23>$L$10:$L$23))} -> 0 | AN14: {=SUM(($G$10:$G$23=$AH14)*($J$10:$J$23)+($O$10:$O$23=$AH14)*($L$10:$L$23))} -> 6 | AO14: {=SUM(($G$10:$G$23=$AH14)*($L$10:$L$23)+($O$10:$O$23=$AH14)*($J$10:$J$23))} -> 3 | AP14: =AN14-AO14 -> 3 | AQ14: 0 | AR14: =+AW14+AV14+AU14 -> 7.10011 | AU14: =+AJ14 -> 7 | AV14: =SUMIFS($BA14:$BD14,$BA$6:$BD$6,AJ14)/1000 -> 0.10001 | AW14: =SUMIFS($BA14:$BD14,$BA$5:$BD$5,AV14)/1000000 -> 0.00010001 | AX14: =_xlfn.RANK.EQ(AJ14,$AJ$10:$AJ$16)+_xlfn.RANK.EQ(AR14,$AR$10:$AR$16)/10+_xlfn.RANK.EQ(AP14,$AP$10:$AP$16)/1000+_xlfn.RANK.EQ(AN14,$AN$10:$AN$16)/100000+_xlfn.RANK.EQ(AQ14,$AQ$10:$AQ$16)/100000+ROW()/1000000 -> 1.101034 | AY14: =_xlfn.RANK.EQ(AX14,$AX$10:$AX$16,1) -> 1 | BA14: {=(SUM(($G$10:$G$23=$AH14)*($J$10:$J$23>$L$10:$L$23)*($O$10:$O$23=BA$8)+($O$10:$O$23=$AH14)*($J$10:$J$23<$L$10:$L$23)*($G$10:$G$23=BA$8)))*300+ (SUM(($G$10:$G$23=$AH14)*($J$10:$J$23=$L$10:$L$23)*($O$10:$O$23=BA$8)+($O$10:$O$23=$AH14)*($J$10:$J$23=$L$10:$L$23)*($G$10:$G$23=BA$8)))*100 +SUM(($G$10:$G$23=$AH14)*($J$10:$J$23)*($O$10:$O$23=BA$8)+($O$10:$O$23=$AH14)*($L$10:$L$23)*($G$10:$G$23=BA$8)) -SUM(($G$10:$G$23=$AH14)*($L$10:$L$23)*($O$10:$O$23=BA$8)+($O$10:$O$23=$AH14)*($J$10:$J$23)*($G$10:$G$23=BA$8)) +SUM(($G$10:$G$23=$AH14)*($J$10:$J$23)*($O$10:$O$23=BA$8)+($O$10:$O$23=$AH14)*($L$10:$L$23)*($G$10:$G$23=BA$8))/100} -> 302.02 | BB14: {=(SUM(($G$10:$G$23=$AH14)*($J$10:$J$23>$L$10:$L$23)*($O$10:$O$23=BB$8)+($O$10:$O$23=$AH14)*($J$10:$J$23<$L$10:$L$23)*($G$10:$G$23=BB$8)))*300+ (SUM(($G$10:$G$23=$AH14)*($J$10:$J$23=$L$10:$L$23)*($O$10:$O$23=BB$8)+($O$10:$O$23=$AH14)*($J$10:$J$23=$L$10:$L$23)*($G$10:$G$23=BB$8)))*100 +SUM(($G$10:$G$23=$AH14)*($J$10:$J$23)*($O$10:$O$23=BB$8)+($O$10:$O$23=$AH14)*($L$10:$L$23)*($G$10:$G$23=BB$8)) -SUM(($G$10:$G$23=$AH14)*($L$10:$L$23)*($O$10:$O$23=BB$8)+($O$10:$O$23=$AH14)*($J$10:$J$23)*($G$10:$G$23=BB$8)) +SUM(($G$10:$G$23=$AH14)*($J$10:$J$23)*($O$10:$O$23=BB$8)+($O$10:$O$23=$AH14)*($L$10:$L$23)*($G$10:$G$23=BB$8))/100} -> 301.03 | BC14: {=(SUM(($G$10:$G$23=$AH14)*($J$10:$J$23>$L$10:$L$23)*($O$10:$O$23=BC$8)+($O$10:$O$23=$AH14)*($J$10:$J$23<$L$10:$L$23)*($G$10:$G$23=BC$8)))*300+ (SUM(($G$10:$G$23=$AH14)*($J$10:$J$23=$L$10:$L$23)*($O$10:$O$23=BC$8)+($O$10:$O$23=$AH14)*($J$10:$J$23=$L$10:$L$23)*($G$10:$G$23=BC$8)))*100 +SUM(($G$10:$G$23=$AH14)*($J$10:$J$23)*($O$10:$O$23=BC$8)+($O$10:$O$23=$AH14)*($L$10:$L$23)*($G$10:$G$23=BC$8)) -SUM(($G$10:$G$23=$AH14)*($L$10:$L$23)*($O$10:$O$23=BC$8)+($O$10:$O$23=$AH14)*($J$10:$J$23)*($G$10:$G$23=BC$8)) +SUM(($G$10:$G$23=$AH14)*($J$10:$J$23)*($O$10:$O$23=BC$8)+($O$10:$O$23=$AH14)*($L$10:$L$23)*($G$10:$G$23=BC$8))/100} -> 0 | BD14: {=(SUM(($G$10:$G$23=$AH14)*($J$10:$J$23>$L$10:$L$23)*($O$10:$O$23=BD$8)+($O$10:$O$23=$AH14)*($J$10:$J$23<$L$10:$L$23)*($G$10:$G$23=BD$8)))*300+ (SUM(($G$10:$G$23=$AH14)*($J$10:$J$23=$L$10:$L$23)*($O$10:$O$23=BD$8)+($O$10:$O$23=$AH14)*($J$10:$J$23=$L$10:$L$23)*($G$10:$G$23=BD$8)))*100 +SUM(($G$10:$G$23=$AH14)*($J$10:$J$23)*($O$10:$O$23=BD$8)+($O$10:$O$23=$AH14)*($L$10:$L$23)*($G$10:$G$23=BD$8)) -SUM(($G$10:$G$23=$AH14)*($L$10:$L$23)*($O$10:$O$23=BD$8)+($O$10:$O$23=$AH14)*($J$10:$J$23)*($G$10:$G$23=BD$8)) +SUM(($G$10:$G$23=$AH14)*($J$10:$J$23)*($O$10:$O$23=BD$8)+($O$10:$O$23=$AH14)*($L$10:$L$23)*($G$10:$G$23=BD$8))/100} -> 100.01
B16: 18 | C16: =VLOOKUP(B16,Aux!M:AH,4,0) -> 45827.875 | D16: =VLOOKUP(B16,Aux!M:AH,4,0) -> 45827.875 | F16: =IFERROR(VLOOKUP(G16,Aux!$A:$X,8,0),"") -> #VALUE! | G16: =VLOOKUP(B16,Aux!M:Y,5,0) -> Inter Miami | H16: =IFERROR(VLOOKUP(G16,Aux!$A:$C,3,0),"") -> #VALUE! | J16: 1 | K16: - | L16: 2 | N16: =IFERROR(VLOOKUP(O16,Aux!$A:$C,3,0),"") -> #VALUE! | O16: =VLOOKUP(B16,Aux!M:Y,6,0) -> Porto | P16: =IFERROR(VLOOKUP(O16,Aux!$A:$X,8,0),"") -> #VALUE! | R16: =VLOOKUP(B16,Aux!M:Y,7,0) -> Mercedes-Benz Stadium | T16: =INDEX($AH$10:$AH$17,MATCH(4,$AY$10:$AY$16,0)) -> Al-Ahly | U16: =IFERROR(VLOOKUP(T16,Aux!A:C,3,0),"") -> #VALUE! | W16: =VLOOKUP($T16,$AH$10:$AO$16,3,0) -> 0 | X16: =VLOOKUP($T16,$AH$10:$AO$16,4,0) -> 0 | Y16: =VLOOKUP($T16,$AH$10:$AO$16,5,0) -> 0 | Z16: =VLOOKUP($T16,$AH$10:$AO$16,6,0) -> 3 | AA16: =VLOOKUP($T16,$AH$10:$AO$16,7,0) -> 0 | AB16: =VLOOKUP($T16,$AH$10:$AO$16,8,0) -> 6 | AC16: =AA16-AB16 -> -6 | AG16: 4 | AH16: =VLOOKUP($AH$6&AG16,Aux!Z:AA,2,0) -> Porto | AI16: =AK16+AL16+AM16 -> 3 | AJ16: =AK16*3+AL16 -> 7 | AK16: {=SUM(($G$10:$G$23=$AH16)*($J$10:$J$23>$L$10:$L$23)+($O$10:$O$23=$AH16)*($J$10:$J$23<$L$10:$L$23))} -> 2 | AL16: {=SUM(($G$10:$G$23=$AH16)*($J$10:$J$23=$L$10:$L$23)*($J$10:$J$23<>"")+($O$10:$O$23=$AH16)*($J$10:$J$23=$L$10:$L$23)*($J$10:$J$23<>""))} -> 1 | AM16: {=SUM(($G$10:$G$23=$AH16)*($J$10:$J$23<$L$10:$L$23)+($O$10:$O$23=$AH16)*($J$10:$J$23>$L$10:$L$23))} -> 0 | AN16: {=SUM(($G$10:$G$23=$AH16)*($J$10:$J$23)+($O$10:$O$23=$AH16)*($L$10:$L$23))} -> 5 | AO16: {=SUM(($G$10:$G$23=$AH16)*($L$10:$L$23)+($O$10:$O$23=$AH16)*($J$10:$J$23))} -> 2 | AP16: =AN16-AO16 -> 3 | AQ16: 0 | AR16: =+AW16+AV16+AU16 -> 7.10011 | AU16: =+AJ16 -> 7 | AV16: =SUMIFS($BA16:$BD16,$BA$6:$BD$6,AJ16)/1000 -> 0.10001 | AW16: =SUMIFS($BA16:$BD16,$BA$5:$BD$5,AV16)/1000000 -> 0.00010001 | AX16: =_xlfn.RANK.EQ(AJ16,$AJ$10:$AJ$16)+_xlfn.RANK.EQ(AR16,$AR$10:$AR$16)/10+_xlfn.RANK.EQ(AP16,$AP$10:$AP$16)/1000+_xlfn.RANK.EQ(AN16,$AN$10:$AN$16)/100000+_xlfn.RANK.EQ(AQ16,$AQ$10:$AQ$16)/100000+ROW()/1000000 -> 1.101046 | AY16: =_xlfn.RANK.EQ(AX16,$AX$10:$AX$16,1) -> 2 | BA16: {=(SUM(($G$10:$G$23=$AH16)*($J$10:$J$23>$L$10:$L$23)*($O$10:$O$23=BA$8)+($O$10:$O$23=$AH16)*($J$10:$J$23<$L$10:$L$23)*($G$10:$G$23=BA$8)))*300+ (SUM(($G$10:$G$23=$AH16)*($J$10:$J$23=$L$10:$L$23)*($O$10:$O$23=BA$8)+($O$10:$O$23=$AH16)*($J$10:$J$23=$L$10:$L$23)*($G$10:$G$23=BA$8)))*100 +SUM(($G$10:$G$23=$AH16)*($J$10:$J$23)*($O$10:$O$23=BA$8)+($O$10:$O$23=$AH16)*($L$10:$L$23)*($G$10:$G$23=BA$8)) -SUM(($G$10:$G$23=$AH16)*($L$10:$L$23)*($O$10:$O$23=BA$8)+($O$10:$O$23=$AH16)*($J$10:$J$23)*($G$10:$G$23=BA$8)) +SUM(($G$10:$G$23=$AH16)*($J$10:$J$23)*($O$10:$O$23=BA$8)+($O$10:$O$23=$AH16)*($L$10:$L$23)*($G$10:$G$23=BA$8))/100} -> 302.02 | BB16: {=(SUM(($G$10:$G$23=$AH16)*($J$10:$J$23>$L$10:$L$23)*($O$10:$O$23=BB$8)+($O$10:$O$23=$AH16)*($J$10:$J$23<$L$10:$L$23)*($G$10:$G$23=BB$8)))*300+ (SUM(($G$10:$G$23=$AH16)*($J$10:$J$23=$L$10:$L$23)*($O$10:$O$23=BB$8)+($O$10:$O$23=$AH16)*($J$10:$J$23=$L$10:$L$23)*($G$10:$G$23=BB$8)))*100 +SUM(($G$10:$G$23=$AH16)*($J$10:$J$23)*($O$10:$O$23=BB$8)+($O$10:$O$23=$AH16)*($L$10:$L$23)*($G$10:$G$23=BB$8)) -SUM(($G$10:$G$23=$AH16)*($L$10:$L$23)*($O$10:$O$23=BB$8)+($O$10:$O$23=$AH16)*($J$10:$J$23)*($G$10:$G$23=BB$8)) +SUM(($G$10:$G$23=$AH16)*($J$10:$J$23)*($O$10:$O$23=BB$8)+($O$10:$O$23=$AH16)*($L$10:$L$23)*($G$10:$G$23=BB$8))/100} -> 301.02 | BC16: {=(SUM(($G$10:$G$23=$AH16)*($J$10:$J$23>$L$10:$L$23)*($O$10:$O$23=BC$8)+($O$10:$O$23=$AH16)*($J$10:$J$23<$L$10:$L$23)*($G$10:$G$23=BC$8)))*300+ (SUM(($G$10:$G$23=$AH16)*($J$10:$J$23=$L$10:$L$23)*($O$10:$O$23=BC$8)+($O$10:$O$23=$AH16)*($J$10:$J$23=$L$10:$L$23)*($G$10:$G$23=BC$8)))*100 +SUM(($G$10:$G$23=$AH16)*($J$10:$J$23)*($O$10:$O$23=BC$8)+($O$10:$O$23=$AH16)*($L$10:$L$23)*($G$10:$G$23=BC$8)) -SUM(($G$10:$G$23=$AH16)*($L$10:$L$23)*($O$10:$O$23=BC$8)+($O$10:$O$23=$AH16)*($J$10:$J$23)*($G$10:$G$23=BC$8)) +SUM(($G$10:$G$23=$AH16)*($J$10:$J$23)*($O$10:$O$23=BC$8)+($O$10:$O$23=$AH16)*($L$10:$L$23)*($G$10:$G$23=BC$8))/100} -> 100.01 | BD16: {=(SUM(($G$10:$G$23=$AH16)*($J$10:$J$23>$L$10:$L$23)*($O$10:$O$23=BD$8)+($O$10:$O$23=$AH16)*($J$10:$J$23<$L$10:$L$23)*($G$10:$G$23=BD$8)))*300+ (SUM(($G$10:$G$23=$AH16)*($J$10:$J$23=$L$10:$L$23)*($O$10:$O$23=BD$8)+($O$10:$O$23=$AH16)*($J$10:$J$23=$L$10:$L$23)*($G$10:$G$23=BD$8)))*100 +SUM(($G$10:$G$23=$AH16)*($J$10:$J$23)*($O$10:$O$23=BD$8)+($O$10:$O$23=$AH16)*($L$10:$L$23)*($G$10:$G$23=BD$8)) -SUM(($G$10:$G$23=$AH16)*($L$10:$L$23)*($O$10:$O$23=BD$8)+($O$10:$O$23=$AH16)*($J$10:$J$23)*($G$10:$G$23=BD$8)) +SUM(($G$10:$G$23=$AH16)*($J$10:$J$23)*($O$10:$O$23=BD$8)+($O$10:$O$23=$AH16)*($L$10:$L$23)*($G$10:$G$23=BD$8))/100} -> 0
B18: 35 | C18: =VLOOKUP(B18,Aux!M:AH,4,0) -> 45832.125 | D18: =VLOOKUP(B18,Aux!M:AH,4,0) -> 45832.125 | F18: =IFERROR(VLOOKUP(G18,Aux!$A:$X,8,0),"") -> #VALUE! | G18: =VLOOKUP(B18,Aux!M:Y,5,0) -> Inter Miami | H18: =IFERROR(VLOOKUP(G18,Aux!$A:$C,3,0),"") -> #VALUE! | J18: 2 | K18: - | L18: 3 | N18: =IFERROR(VLOOKUP(O18,Aux!$A:$C,3,0),"") -> #VALUE! | O18: =VLOOKUP(B18,Aux!M:Y,6,0) -> Palmeiras | P18: =IFERROR(VLOOKUP(O18,Aux!$A:$X,8,0),"") -> #VALUE! | R18: =VLOOKUP(B18,Aux!M:Y,7,0) -> Hard Rock Stadium
B20: 36 | C20: =VLOOKUP(B20,Aux!M:AH,4,0) -> 45832.125 | D20: =VLOOKUP(B20,Aux!M:AH,4,0) -> 45832.125 | F20: =IFERROR(VLOOKUP(G20,Aux!$A:$X,8,0),"") -> #VALUE! | G20: =VLOOKUP(B20,Aux!M:Y,5,0) -> Porto | H20: =IFERROR(VLOOKUP(G20,Aux!$A:$C,3,0),"") -> #VALUE! | J20: 2 | K20: - | L20: 0 | N20: =IFERROR(VLOOKUP(O20,Aux!$A:$C,3,0),"") -> #VALUE! | O20: =VLOOKUP(B20,Aux!M:Y,6,0) -> Al-Ahly | P20: =IFERROR(VLOOKUP(O20,Aux!$A:$X,8,0),"") -> #VALUE! | R20: =VLOOKUP(B20,Aux!M:Y,7,0) -> MetLife Stadium
W21: Aprendiz de Excel
W23: Vídeo YouTube

Sheet B
A1: Aprendiz de Excel - Mundial de Clubes 2025
AY5: 2º | BA5: =VLOOKUP(BA8,$AH$10:$AW$16,15,0) -> 0.10001 | BB5: =VLOOKUP(BB8,$AH$10:$AW$16,15,0) -> 0.10001 | BC5: =VLOOKUP(BC8,$AH$10:$AW$16,15,0) -> 0 | BD5: =VLOOKUP(BD8,$AH$10:$AW$16,15,0) -> 0
AH6: B | AY6: 1º | BA6: =VLOOKUP(BA8,$AH$10:$AW$16,14,0) -> 7 | BB6: =VLOOKUP(BB8,$AH$10:$AW$16,14,0) -> 7 | BC6: =VLOOKUP(BC8,$AH$10:$AW$16,14,0) -> 3 | BD6: =VLOOKUP(BD8,$AH$10:$AW$16,14,0) -> 0
B7: # | C7: Fechas | D7: Horas | E7: PARTIDOS | R7: Estadios | T7: POSICIONES
W8: Pts. | X8: Gan. | Y8: Emp. | Z8: Per. | AA8: GF | AB8: GC | AC8: Dif. | AH8: País | AI8: J | AJ8: Pts. | AK8: Gan. | AL8: Emp. | AM8: Per. | AN8: GF | AO8: GC | AP8: DG | AQ8: JL | AR8: ED | AU8: 1º Criterio | AV8: 2º Criterio | AW8: 3º Criterio | BA8: =AH10 -> Paris Saint-Germain | BB8: =AH12 -> Atlético de Madrid | BC8: =AH14 -> Botafogo | BD8: =AH16 -> Seattle Sounders
B9: {=_xlfn.REDUCE("",_xlfn.TAKE(_xlfn._xlws.FILTER(Aux!M:T,Aux!T:T=AH6),,1),_xlfn.LAMBDA(_xlpm.t,_xlpm.p,_xlfn.VSTACK(_xlpm.t,_xlpm.p,"")))}
B10: 3 | C10: =VLOOKUP(B10,Aux!M:AH,4,0) -> 45823.875 | D10: =VLOOKUP(B10,Aux!M:AH,4,0) -> 45823.875 | F10: =IFERROR(VLOOKUP(G10,Aux!$A:$X,8,0),"") -> #VALUE! | G10: =VLOOKUP(B10,Aux!M:Y,5,0) -> Paris Saint-Germain | H10: =IFERROR(VLOOKUP(G10,Aux!$A:$C,3,0),"") -> #VALUE! | J10: 1 | K10: - | L10: 1 | N10: =IFERROR(VLOOKUP(O10,Aux!$A:$C,3,0),"") -> #VALUE! | O10: =VLOOKUP(B10,Aux!M:Y,6,0) -> Atlético de Madrid | P10: =IFERROR(VLOOKUP(O10,Aux!$A:$X,8,0),"") -> #VALUE! | R10: =VLOOKUP(B10,Aux!M:Y,7,0) -> Rose Bowl | T10: =INDEX($AH$10:$AH$17,MATCH(1,$AY$10:$AY$16,0)) -> Paris Saint-Germain | U10: =IFERROR(VLOOKUP(T10,Aux!A:C,3,0),"") -> #VALUE! | W10: =VLOOKUP($T10,$AH$10:$AO$16,3,0) -> 7 | X10: =VLOOKUP($T10,$AH$10:$AO$16,4,0) -> 2 | Y10: =VLOOKUP($T10,$AH$10:$AO$16,5,0) -> 1 | Z10: =VLOOKUP($T10,$AH$10:$AO$16,6,0) -> 0 | AA10: =VLOOKUP($T10,$AH$10:$AO$16,7,0) -> 7 | AB10: =VLOOKUP($T10,$AH$10:$AO$16,8,0) -> 1 | AC10: =AA10-AB10 -> 6 | AG10: 1 | AH10: =VLOOKUP($AH$6&AG10,Aux!Z:AA,2,0) -> Paris Saint-Germain | AI10: =AK10+AL10+AM10 -> 3 | AJ10: =AK10*3+AL10 -> 7 | AK10: {=SUM(($G$10:$G$23=$AH10)*($J$10:$J$23>$L$10:$L$23)+($O$10:$O$23=$AH10)*($J$10:$J$23<$L$10:$L$23))} -> 2 | AL10: {=SUM(($G$10:$G$23=$AH10)*($J$10:$J$23=$L$10:$L$23)*($J$10:$J$23<>"")+($O$10:$O$23=$AH10)*($J$10:$J$23=$L$10:$L$23)*($J$10:$J$23<>""))} -> 1 | AM10: {=SUM(($G$10:$G$23=$AH10)*($J$10:$J$23<$L$10:$L$23)+($O$10:$O$23=$AH10)*($J$10:$J$23>$L$10:$L$23))} -> 0 | AN10: {=SUM(($G$10:$G$23=$AH10)*($J$10:$J$23)+($O$10:$O$23=$AH10)*($L$10:$L$23))} -> 7 | AO10: {=SUM(($G$10:$G$23=$AH10)*($L$10:$L$23)+($O$10:$O$23=$AH10)*($J$10:$J$23))} -> 1 | AP10: =AN10-AO10 -> 6 | AQ10: 0 | AR10: =+AW10+AV10+AU10 -> 7.10011 | AU10: =+AJ10 -> 7 | AV10: =SUMIFS($BA10:$BD10,$BA$6:$BD$6,AJ10)/1000 -> 0.10001 | AW10: =SUMIFS($BA10:$BD10,$BA$5:$BD$5,AV10)/1000000 -> 0.00010001 | AX10: =_xlfn.RANK.EQ(AJ10,$AJ$10:$AJ$16)+_xlfn.RANK.EQ(AR10,$AR$10:$AR$16)/10+_xlfn.RANK.EQ(AP10,$AP$10:$AP$16)/1000+_xlfn.RANK.EQ(AN10,$AN$10:$AN$16)/100000+_xlfn.RANK.EQ(AQ10,$AQ$10:$AQ$16)/100000+ROW()/1000000 -> 1.10103 | AY10: =_xlfn.RANK.EQ(AX10,$AX$10:$AX$16,1) -> 1 | BA10: {=(SUM(($G$10:$G$23=$AH10)*($J$10:$J$23>$L$10:$L$23)*($O$10:$O$23=BA$8)+($O$10:$O$23=$AH10)*($J$10:$J$23<$L$10:$L$23)*($G$10:$G$23=BA$8)))*300+ (SUM(($G$10:$G$23=$AH10)*($J$10:$J$23=$L$10:$L$23)*($O$10:$O$23=BA$8)+($O$10:$O$23=$AH10)*($J$10:$J$23=$L$10:$L$23)*($G$10:$G$23=BA$8)))*100 +SUM(($G$10:$G$23=$AH10)*($J$10:$J$23)*($O$10:$O$23=BA$8)+($O$10:$O$23=$AH10)*($L$10:$L$23)*($G$10:$G$23=BA$8)) -SUM(($G$10:$G$23=$AH10)*($L$10:$L$23)*($O$10:$O$23=BA$8)+($O$10:$O$23=$AH10)*($J$10:$J$23)*($G$10:$G$23=BA$8)) +SUM(($G$10:$G$23=$AH10)*($J$10:$J$23)*($O$10:$O$23=BA$8)+($O$10:$O$23=$AH10)*($L$10:$L$23)*($G$10:$G$23=BA$8))/100} -> 0 | BB10: {=(SUM(($G$10:$G$23=$AH10)*($J$10:$J$23>$L$10:$L$23)*($O$10:$O$23=BB$8)+($O$10:$O$23=$AH10)*($J$10:$J$23<$L$10:$L$23)*($G$10:$G$23=BB$8)))*300+ (SUM(($G$10:$G$23=$AH10)*($J$10:$J$23=$L$10:$L$23)*($O$10:$O$23=BB$8)+($O$10:$O$23=$AH10)*($J$10:$J$23=$L$10:$L$23)*($G$10:$G$23=BB$8)))*100 +SUM(($G$10:$G$23=$AH10)*($J$10:$J$23)*($O$10:$O$23=BB$8)+($O$10:$O$23=$AH10)*($L$10:$L$23)*($G$10:$G$23=BB$8)) -SUM(($G$10:$G$23=$AH10)*($L$10:$L$23)*($O$10:$O$23=BB$8)+($O$10:$O$23=$AH10)*($J$10:$J$23)*($G$10:$G$23=BB$8)) +SUM(($G$10:$G$23=$AH10)*($J$10:$J$23)*($O$10:$O$23=BB$8)+($O$10:$O$23=$AH10)*($L$10:$L$23)*($G$10:$G$23=BB$8))/100} -> 100.01 | BC10: {=(SUM(($G$10:$G$23=$AH10)*($J$10:$J$23>$L$10:$L$23)*($O$10:$O$23=BC$8)+($O$10:$O$23=$AH10)*($J$10:$J$23<$L$10:$L$23)*($G$10:$G$23=BC$8)))*300+ (SUM(($G$10:$G$23=$AH10)*($J$10:$J$23=$L$10:$L$23)*($O$10:$O$23=BC$8)+($O$10:$O$23=$AH10)*($J$10:$J$23=$L$10:$L$23)*($G$10:$G$23=BC$8)))*100 +SUM(($G$10:$G$23=$AH10)*($J$10:$J$23)*($O$10:$O$23=BC$8)+($O$10:$O$23=$AH10)*($L$10:$L$23)*($G$10:$G$23=BC$8)) -SUM(($G$10:$G$23=$AH10)*($L$10:$L$23)*($O$10:$O$23=BC$8)+($O$10:$O$23=$AH10)*($J$10:$J$23)*($G$10:$G$23=BC$8)) +SUM(($G$10:$G$23=$AH10)*($J$10:$J$23)*($O$10:$O$23=BC$8)+($O$10:$O$23=$AH10)*($L$10:$L$23)*($G$10:$G$23=BC$8))/100} -> 302.02 | BD10: {=(SUM(($G$10:$G$23=$AH10)*($J$10:$J$23>$L$10:$L$23)*($O$10:$O$23=BD$8)+($O$10:$O$23=$AH10)*($J$10:$J$23<$L$10:$L$23)*($G$10:$G$23=BD$8)))*300+ (SUM(($G$10:$G$23=$AH10)*($J$10:$J$23=$L$10:$L$23)*($O$10:$O$23=BD$8)+($O$10:$O$23=$AH10)*($J$10:$J$23=$L$10:$L$23)*($G$10:$G$23=BD$8)))*100 +SUM(($G$10:$G$23=$AH10)*($J$10:$J$23)*($O$10:$O$23=BD$8)+($O$10:$O$23=$AH10)*($L$10:$L$23)*($G$10:$G$23=BD$8)) -SUM(($G$10:$G$23=$AH10)*($L$10:$L$23)*($O$10:$O$23=BD$8)+($O$10:$O$23=$AH10)*($J$10:$J$23)*($G$10:$G$23=BD$8)) +SUM(($G$10:$G$23=$AH10)*($J$10:$J$23)*($O$10:$O$23=BD$8)+($O$10:$O$23=$AH10)*($L$10:$L$23)*($G$10:$G$23=BD$8))/100} -> 304.04
B12: 5 | C12: =VLOOKUP(B12,Aux!M:AH,4,0) -> 45824.167 | D12: =VLOOKUP(B12,Aux!M:AH,4,0) -> 45824.167 | F12: =IFERROR(VLOOKUP(G12,Aux!$A:$X,8,0),"") -> #VALUE! | G12: =VLOOKUP(B12,Aux!M:Y,5,0) -> Botafogo | H12: =IFERROR(VLOOKUP(G12,Aux!$A:$C,3,0),"") -> #VALUE! | J12: 2 | K12: - | L12: 0 | N12: =IFERROR(VLOOKUP(O12,Aux!$A:$C,3,0),"") -> #VALUE! | O12: =VLOOKUP(B12,Aux!M:Y,6,0) -> Seattle Sounders | P12: =IFERROR(VLOOKUP(O12,Aux!$A:$X,8,0),"") -> #VALUE! | R12: =VLOOKUP(B12,Aux!M:Y,7,0) -> Lumen Field | T12: =INDEX($AH$10:$AH$17,MATCH(2,$AY$10:$AY$16,0)) -> Atlético de Madrid | U12: =IFERROR(VLOOKUP(T12,Aux!A:C,3,0),"") -> #VALUE! | W12: =VLOOKUP($T12,$AH$10:$AO$16,3,0) -> 7 | X12: =VLOOKUP($T12,$AH$10:$AO$16,4,0) -> 2 | Y12: =VLOOKUP($T12,$AH$10:$AO$16,5,0) -> 1 | Z12: =VLOOKUP($T12,$AH$10:$AO$16,6,0) -> 0 | AA12: =VLOOKUP($T12,$AH$10:$AO$16,7,0) -> 4 | AB12: =VLOOKUP($T12,$AH$10:$AO$16,8,0) -> 2 | AC12: =AA12-AB12 -> 2 | AG12: 2 | AH12: =VLOOKUP($AH$6&AG12,Aux!Z:AA,2,0) -> Atlético de Madrid | AI12: =AK12+AL12+AM12 -> 3 | AJ12: =AK12*3+AL12 -> 7 | AK12: {=SUM(($G$10:$G$23=$AH12)*($J$10:$J$23>$L$10:$L$23)+($O$10:$O$23=$AH12)*($J$10:$J$23<$L$10:$L$23))} -> 2 | AL12: {=SUM(($G$10:$G$23=$AH12)*($J$10:$J$23=$L$10:$L$23)*($J$10:$J$23<>"")+($O$10:$O$23=$AH12)*($J$10:$J$23=$L$10:$L$23)*($J$10:$J$23<>""))} -> 1 | AM12: {=SUM(($G$10:$G$23=$AH12)*($J$10:$J$23<$L$10:$L$23)+($O$10:$O$23=$AH12)*($J$10:$J$23>$L$10:$L$23))} -> 0 | AN12: {=SUM(($G$10:$G$23=$AH12)*($J$10:$J$23)+($O$10:$O$23=$AH12)*($L$10:$L$23))} -> 4 | AO12: {=SUM(($G$10:$G$23=$AH12)*($L$10:$L$23)+($O$10:$O$23=$AH12)*($J$10:$J$23))} -> 2 | AP12: =AN12-AO12 -> 2 | AQ12: 0 | AR12: =+AW12+AV12+AU12 -> 7.10011 | AU12: =+AJ12 -> 7 | AV12: =SUMIFS($BA12:$BD12,$BA$6:$BD$6,AJ12)/1000 -> 0.10001 | AW12: =SUMIFS($BA12:$BD12,$BA$5:$BD$5,AV12)/1000000 -> 0.00010001 | AX12: =_xlfn.RANK.EQ(AJ12,$AJ$10:$AJ$16)+_xlfn.RANK.EQ(AR12,$AR$10:$AR$16)/10+_xlfn.RANK.EQ(AP12,$AP$10:$AP$16)/1000+_xlfn.RANK.EQ(AN12,$AN$10:$AN$16)/100000+_xlfn.RANK.EQ(AQ12,$AQ$10:$AQ$16)/100000+ROW()/1000000 -> 1.102042 | AY12: =_xlfn.RANK.EQ(AX12,$AX$10:$AX$16,1) -> 2 | BA12: {=(SUM(($G$10:$G$23=$AH12)*($J$10:$J$23>$L$10:$L$23)*($O$10:$O$23=BA$8)+($O$10:$O$23=$AH12)*($J$10:$J$23<$L$10:$L$23)*($G$10:$G$23=BA$8)))*300+ (SUM(($G$10:$G$23=$AH12)*($J$10:$J$23=$L$10:$L$23)*($O$10:$O$23=BA$8)+($O$10:$O$23=$AH12)*($J$10:$J$23=$L$10:$L$23)*($G$10:$G$23=BA$8)))*100 +SUM(($G$10:$G$23=$AH12)*($J$10:$J$23)*($O$10:$O$23=BA$8)+($O$10:$O$23=$AH12)*($L$10:$L$23)*($G$10:$G$23=BA$8)) -SUM(($G$10:$G$23=$AH12)*($L$10:$L$23)*($O$10:$O$23=BA$8)+($O$10:$O$23=$AH12)*($J$10:$J$23)*($G$10:$G$23=BA$8)) +SUM(($G$10:$G$23=$AH12)*($J$10:$J$23)*($O$10:$O$23=BA$8)+($O$10:$O$23=$AH12)*($L$10:$L$23)*($G$10:$G$23=BA$8))/100} -> 100.01 | BB12: {=(SUM(($G$10:$G$23=$AH12)*($J$10:$J$23>$L$10:$L$23)*($O$10:$O$23=BB$8)+($O$10:$O$23=$AH12)*($J$10:$J$23<$L$10:$L$23)*($G$10:$G$23=BB$8)))*300+ (SUM(($G$10:$G$23=$AH12)*($J$10:$J$23=$L$10:$L$23)*($O$10:$O$23=BB$8)+($O$10:$O$23=$AH12)*($J$10:$J$23=$L$10:$L$23)*($G$10:$G$23=BB$8)))*100 +SUM(($G$10:$G$23=$AH12)*($J$10:$J$23)*($O$10:$O$23=BB$8)+($O$10:$O$23=$AH12)*($L$10:$L$23)*($G$10:$G$23=BB$8)) -SUM(($G$10:$G$23=$AH12)*($L$10:$L$23)*($O$10:$O$23=BB$8)+($O$10:$O$23=$AH12)*($J$10:$J$23)*($G$10:$G$23=BB$8)) +SUM(($G$10:$G$23=$AH12)*($J$10:$J$23)*($O$10:$O$23=BB$8)+($O$10:$O$23=$AH12)*($L$10:$L$23)*($G$10:$G$23=BB$8))/100} -> 0 | BC12: {=(SUM(($G$10:$G$23=$AH12)*($J$10:$J$23>$L$10:$L$23)*($O$10:$O$23=BC$8)+($O$10:$O$23=$AH12)*($J$10:$J$23<$L$10:$L$23)*($G$10:$G$23=BC$8)))*300+ (SUM(($G$10:$G$23=$AH12)*($J$10:$J$23=$L$10:$L$23)*($O$10:$O$23=BC$8)+($O$10:$O$23=$AH12)*($J$10:$J$23=$L$10:$L$23)*($G$10:$G$23=BC$8)))*100 +SUM(($G$10:$G$23=$AH12)*($J$10:$J$23)*($O$10:$O$23=BC$8)+($O$10:$O$23=$AH12)*($L$10:$L$23)*($G$10:$G$23=BC$8)) -SUM(($G$10:$G$23=$AH12)*($L$10:$L$23)*($O$10:$O$23=BC$8)+($O$10:$O$23=$AH12)*($J$10:$J$23)*($G$10:$G$23=BC$8)) +SUM(($G$10:$G$23=$AH12)*($J$10:$J$23)*($O$10:$O$23=BC$8)+($O$10:$O$23=$AH12)*($L$10:$L$23)*($G$10:$G$23=BC$8))/100} -> 301.01 | BD12: {=(SUM(($G$10:$G$23=$AH12)*($J$10:$J$23>$L$10:$L$23)*($O$10:$O$23=BD$8)+($O$10:$O$23=$AH12)*($J$10:$J$23<$L$10:$L$23)*($G$10:$G$23=BD$8)))*300+ (SUM(($G$10:$G$23=$AH12)*($J$10:$J$23=$L$10:$L$23)*($O$10:$O$23=BD$8)+($O$10:$O$23=$AH12)*($J$10:$J$23=$L$10:$L$23)*($G$10:$G$23=BD$8)))*100 +SUM(($G$10:$G$23=$AH12)*($J$10:$J$23)*($O$10:$O$23=BD$8)+($O$10:$O$23=$AH12)*($L$10:$L$23)*($G$10:$G$23=BD$8)) -SUM(($G$10:$G$23=$AH12)*($L$10:$L$23)*($O$10:$O$23=BD$8)+($O$10:$O$23=$AH12)*($J$10:$J$23)*($G$10:$G$23=BD$8)) +SUM(($G$10:$G$23=$AH12)*($J$10:$J$23)*($O$10:$O$23=BD$8)+($O$10:$O$23=$AH12)*($L$10:$L$23)*($G$10:$G$23=BD$8))/100} -> 301.02
B14: 19 | C14: =VLOOKUP(B14,Aux!M:AH,4,0) -> 45828 | D14: =VLOOKUP(B14,Aux!M:AH,4,0) -> 45828 | F14: =IFERROR(VLOOKUP(G14,Aux!$A:$X,8,0),"") -> #VALUE! | G14: =VLOOKUP(B14,Aux!M:Y,5,0) -> Seattle Sounders | H14: =IFERROR(VLOOKUP(G14,Aux!$A:$C,3,0),"") -> #VALUE! | J14: 1 | K14: - | L14: 2 | N14: =IFERROR(VLOOKUP(O14,Aux!$A:$C,3,0),"") -> #VALUE! | O14: =VLOOKUP(B14,Aux!M:Y,6,0) -> Atlético de Madrid | P14: =IFERROR(VLOOKUP(O14,Aux!$A:$X,8,0),"") -> #VALUE! | R14: =VLOOKUP(B14,Aux!M:Y,7,0) -> Lumen Field | T14: =INDEX($AH$10:$AH$17,MATCH(3,$AY$10:$AY$16,0)) -> Botafogo | U14: =IFERROR(VLOOKUP(T14,Aux!A:C,3,0),"") -> #VALUE! | W14: =VLOOKUP($T14,$AH$10:$AO$16,3,0) -> 3 | X14: =VLOOKUP($T14,$AH$10:$AO$16,4,0) -> 1 | Y14: =VLOOKUP($T14,$AH$10:$AO$16,5,0) -> 0 | Z14: =VLOOKUP($T14,$AH$10:$AO$16,6,0) -> 2 | AA14: =VLOOKUP($T14,$AH$10:$AO$16,7,0) -> 2 | AB14: =VLOOKUP($T14,$AH$10:$AO$16,8,0) -> 3 | AC14: =AA14-AB14 -> -1 | AG14: 3 | AH14: =VLOOKUP($AH$6&AG14,Aux!Z:AA,2,0) -> Botafogo | AI14: =AK14+AL14+AM14 -> 3 | AJ14: =AK14*3+AL14 -> 3 | AK14: {=SUM(($G$10:$G$23=$AH14)*($J$10:$J$23>$L$10:$L$23)+($O$10:$O$23=$AH14)*($J$10:$J$23<$L$10:$L$23))} -> 1 | AL14: {=SUM(($G$10:$G$23=$AH14)*($J$10:$J$23=$L$10:$L$23)*($J$10:$J$23<>"")+($O$10:$O$23=$AH14)*($J$10:$J$23=$L$10:$L$23)*($J$10:$J$23<>""))} -> 0 | AM14: {=SUM(($G$10:$G$23=$AH14)*($J$10:$J$23<$L$10:$L$23)+($O$10:$O$23=$AH14)*($J$10:$J$23>$L$10:$L$23))} -> 2 | AN14: {=SUM(($G$10:$G$23=$AH14)*($J$10:$J$23)+($O$10:$O$23=$AH14)*($L$10:$L$23))} -> 2 | AO14: {=SUM(($G$10:$G$23=$AH14)*($L$10:$L$23)+($O$10:$O$23=$AH14)*($J$10:$J$23))} -> 3 | AP14: =AN14-AO14 -> -1 | AQ14: 0 | AR14: =+AW14+AV14+AU14 -> 3.000302 | AU14: =+AJ14 -> 3 | AV14: =SUMIFS($BA14:$BD14,$BA$6:$BD$6,AJ14)/1000 -> 0 | AW14: =SUMIFS($BA14:$BD14,$BA$5:$BD$5,AV14)/1000000 -> 0.00030202 | AX14: =_xlfn.RANK.EQ(AJ14,$AJ$10:$AJ$16)+_xlfn.RANK.EQ(AR14,$AR$10:$AR$16)/10+_xlfn.RANK.EQ(AP14,$AP$10:$AP$16)/1000+_xlfn.RANK.EQ(AN14,$AN$10:$AN$16)/100000+_xlfn.RANK.EQ(AQ14,$AQ$10:$AQ$16)/100000+ROW()/1000000 -> 3.303054 | AY14: =_xlfn.RANK.EQ(AX14,$AX$10:$AX$16,1) -> 3 | BA14: {=(SUM(($G$10:$G$23=$AH14)*($J$10:$J$23>$L$10:$L$23)*($O$10:$O$23=BA$8)+($O$10:$O$23=$AH14)*($J$10:$J$23<$L$10:$L$23)*($G$10:$G$23=BA$8)))*300+ (SUM(($G$10:$G$23=$AH14)*($J$10:$J$23=$L$10:$L$23)*($O$10:$O$23=BA$8)+($O$10:$O$23=$AH14)*($J$10:$J$23=$L$10:$L$23)*($G$10:$G$23=BA$8)))*100 +SUM(($G$10:$G$23=$AH14)*($J$10:$J$23)*($O$10:$O$23=BA$8)+($O$10:$O$23=$AH14)*($L$10:$L$23)*($G$10:$G$23=BA$8)) -SUM(($G$10:$G$23=$AH14)*($L$10:$L$23)*($O$10:$O$23=BA$8)+($O$10:$O$23=$AH14)*($J$10:$J$23)*($G$10:$G$23=BA$8)) +SUM(($G$10:$G$23=$AH14)*($J$10:$J$23)*($O$10:$O$23=BA$8)+($O$10:$O$23=$AH14)*($L$10:$L$23)*($G$10:$G$23=BA$8))/100} -> -2 | BB14: {=(SUM(($G$10:$G$23=$AH14)*($J$10:$J$23>$L$10:$L$23)*($O$10:$O$23=BB$8)+($O$10:$O$23=$AH14)*($J$10:$J$23<$L$10:$L$23)*($G$10:$G$23=BB$8)))*300+ (SUM(($G$10:$G$23=$AH14)*($J$10:$J$23=$L$10:$L$23)*($O$10:$O$23=BB$8)+($O$10:$O$23=$AH14)*($J$10:$J$23=$L$10:$L$23)*($G$10:$G$23=BB$8)))*100 +SUM(($G$10:$G$23=$AH14)*($J$10:$J$23)*($O$10:$O$23=BB$8)+($O$10:$O$23=$AH14)*($L$10:$L$23)*($G$10:$G$23=BB$8)) -SUM(($G$10:$G$23=$AH14)*($L$10:$L$23)*($O$10:$O$23=BB$8)+($O$10:$O$23=$AH14)*($J$10:$J$23)*($G$10:$G$23=BB$8)) +SUM(($G$10:$G$23=$AH14)*($J$10:$J$23)*($O$10:$O$23=BB$8)+($O$10:$O$23=$AH14)*($L$10:$L$23)*($G$10:$G$23=BB$8))/100} -> -1 | BC14: {=(SUM(($G$10:$G$23=$AH14)*($J$10:$J$23>$L$10:$L$23)*($O$10:$O$23=BC$8)+($O$10:$O$23=$AH14)*($J$10:$J$23<$L$10:$L$23)*($G$10:$G$23=BC$8)))*300+ (SUM(($G$10:$G$23=$AH14)*($J$10:$J$23=$L$10:$L$23)*($O$10:$O$23=BC$8)+($O$10:$O$23=$AH14)*($J$10:$J$23=$L$10:$L$23)*($G$10:$G$23=BC$8)))*100 +SUM(($G$10:$G$23=$AH14)*($J$10:$J$23)*($O$10:$O$23=BC$8)+($O$10:$O$23=$AH14)*($L$10:$L$23)*($G$10:$G$23=BC$8)) -SUM(($G$10:$G$23=$AH14)*($L$10:$L$23)*($O$10:$O$23=BC$8)+($O$10:$O$23=$AH14)*($J$10:$J$23)*($G$10:$G$23=BC$8)) +SUM(($G$10:$G$23=$AH14)*($J$10:$J$23)*($O$10:$O$23=BC$8)+($O$10:$O$23=$AH14)*($L$10:$L$23)*($G$10:$G$23=BC$8))/100} -> 0 | BD14: {=(SUM(($G$10:$G$23=$AH14)*($J$10:$J$23>$L$10:$L$23)*($O$10:$O$23=BD$8)+($O$10:$O$23=$AH14)*($J$10:$J$23<$L$10:$L$23)*($G$10:$G$23=BD$8)))*300+ (SUM(($G$10:$G$23=$AH14)*($J$10:$J$23=$L$10:$L$23)*($O$10:$O$23=BD$8)+($O$10:$O$23=$AH14)*($J$10:$J$23=$L$10:$L$23)*($G$10:$G$23=BD$8)))*100 +SUM(($G$10:$G$23=$AH14)*($J$10:$J$23)*($O$10:$O$23=BD$8)+($O$10:$O$23=$AH14)*($L$10:$L$23)*($G$10:$G$23=BD$8)) -SUM(($G$10:$G$23=$AH14)*($L$10:$L$23)*($O$10:$O$23=BD$8)+($O$10:$O$23=$AH14)*($J$10:$J$23)*($G$10:$G$23=BD$8)) +SUM(($G$10:$G$23=$AH14)*($J$10:$J$23)*($O$10:$O$23=BD$8)+($O$10:$O$23=$AH14)*($L$10:$L$23)*($G$10:$G$23=BD$8))/100} -> 302.02
B16: 20 | C16: =VLOOKUP(B16,Aux!M:AH,4,0) -> 45828.125 | D16: =VLOOKUP(B16,Aux!M:AH,4,0) -> 45828.125 | F16: =IFERROR(VLOOKUP(G16,Aux!$A:$X,8,0),"") -> #VALUE! | G16: =VLOOKUP(B16,Aux!M:Y,5,0) -> Paris Saint-Germain | H16: =IFERROR(VLOOKUP(G16,Aux!$A:$C,3,0),"") -> #VALUE! | J16: 2 | K16: - | L16: 0 | N16: =IFERROR(VLOOKUP(O16,Aux!$A:$C,3,0),"") -> #VALUE! | O16: =VLOOKUP(B16,Aux!M:Y,6,0) -> Botafogo | P16: =IFERROR(VLOOKUP(O16,Aux!$A:$X,8,0),"") -> #VALUE! | R16: =VLOOKUP(B16,Aux!M:Y,7,0) -> Rose Bowl | T16: =INDEX($AH$10:$AH$17,MATCH(4,$AY$10:$AY$16,0)) -> Seattle Sounders | U16: =IFERROR(VLOOKUP(T16,Aux!A:C,3,0),"") -> #VALUE! | W16: =VLOOKUP($T16,$AH$10:$AO$16,3,0) -> 0 | X16: =VLOOKUP($T16,$AH$10:$AO$16,4,0) -> 0 | Y16: =VLOOKUP($T16,$AH$10:$AO$16,5,0) -> 0 | Z16: =VLOOKUP($T16,$AH$10:$AO$16,6,0) -> 3 | AA16: =VLOOKUP($T16,$AH$10:$AO$16,7,0) -> 1 | AB16: =VLOOKUP($T16,$AH$10:$AO$16,8,0) -> 8 | AC16: =AA16-AB16 -> -7 | AG16: 4 | AH16: =VLOOKUP($AH$6&AG16,Aux!Z:AA,2,0) -> Seattle Sounders | AI16: =AK16+AL16+AM16 -> 3 | AJ16: =AK16*3+AL16 -> 0 | AK16: {=SUM(($G$10:$G$23=$AH16)*($J$10:$J$23>$L$10:$L$23)+($O$10:$O$23=$AH16)*($J$10:$J$23<$L$10:$L$23))} -> 0 | AL16: {=SUM(($G$10:$G$23=$AH16)*($J$10:$J$23=$L$10:$L$23)*($J$10:$J$23<>"")+($O$10:$O$23=$AH16)*($J$10:$J$23=$L$10:$L$23)*($J$10:$J$23<>""))} -> 0 | AM16: {=SUM(($G$10:$G$23=$AH16)*($J$10:$J$23<$L$10:$L$23)+($O$10:$O$23=$AH16)*($J$10:$J$23>$L$10:$L$23))} -> 3 | AN16: {=SUM(($G$10:$G$23=$AH16)*($J$10:$J$23)+($O$10:$O$23=$AH16)*($L$10:$L$23))} -> 1 | AO16: {=SUM(($G$10:$G$23=$AH16)*($L$10:$L$23)+($O$10:$O$23=$AH16)*($J$10:$J$23))} -> 8 | AP16: =AN16-AO16 -> -7 | AQ16: 0 | AR16: =+AW16+AV16+AU16 -> -2e-06 | AU16: =+AJ16 -> 0 | AV16: =SUMIFS($BA16:$BD16,$BA$6:$BD$6,AJ16)/1000 -> 0 | AW16: =SUMIFS($BA16:$BD16,$BA$5:$BD$5,AV16)/1000000 -> -2e-06 | AX16: =_xlfn.RANK.EQ(AJ16,$AJ$10:$AJ$16)+_xlfn.RANK.EQ(AR16,$AR$10:$AR$16)/10+_xlfn.RANK.EQ(AP16,$AP$10:$AP$16)/1000+_xlfn.RANK.EQ(AN16,$AN$10:$AN$16)/100000+_xlfn.RANK.EQ(AQ16,$AQ$10:$AQ$16)/100000+ROW()/1000000 -> 4.404066 | AY16: =_xlfn.RANK.EQ(AX16,$AX$10:$AX$16,1) -> 4 | BA16: {=(SUM(($G$10:$G$23=$AH16)*($J$10:$J$23>$L$10:$L$23)*($O$10:$O$23=BA$8)+($O$10:$O$23=$AH16)*($J$10:$J$23<$L$10:$L$23)*($G$10:$G$23=BA$8)))*300+ (SUM(($G$10:$G$23=$AH16)*($J$10:$J$23=$L$10:$L$23)*($O$10:$O$23=BA$8)+($O$10:$O$23=$AH16)*($J$10:$J$23=$L$10:$L$23)*($G$10:$G$23=BA$8)))*100 +SUM(($G$10:$G$23=$AH16)*($J$10:$J$23)*($O$10:$O$23=BA$8)+($O$10:$O$23=$AH16)*($L$10:$L$23)*($G$10:$G$23=BA$8)) -SUM(($G$10:$G$23=$AH16)*($L$10:$L$23)*($O$10:$O$23=BA$8)+($O$10:$O$23=$AH16)*($J$10:$J$23)*($G$10:$G$23=BA$8)) +SUM(($G$10:$G$23=$AH16)*($J$10:$J$23)*($O$10:$O$23=BA$8)+($O$10:$O$23=$AH16)*($L$10:$L$23)*($G$10:$G$23=BA$8))/100} -> -4 | BB16: {=(SUM(($G$10:$G$23=$AH16)*($J$10:$J$23>$L$10:$L$23)*($O$10:$O$23=BB$8)+($O$10:$O$23=$AH16)*($J$10:$J$23<$L$10:$L$23)*($G$10:$G$23=BB$8)))*300+ (SUM(($G$10:$G$23=$AH16)*($J$10:$J$23=$L$10:$L$23)*($O$10:$O$23=BB$8)+($O$10:$O$23=$AH16)*($J$10:$J$23=$L$10:$L$23)*($G$10:$G$23=BB$8)))*100 +SUM(($G$10:$G$23=$AH16)*($J$10:$J$23)*($O$10:$O$23=BB$8)+($O$10:$O$23=$AH16)*($L$10:$L$23)*($G$10:$G$23=BB$8)) -SUM(($G$10:$G$23=$AH16)*($L$10:$L$23)*($O$10:$O$23=BB$8)+($O$10:$O$23=$AH16)*($J$10:$J$23)*($G$10:$G$23=BB$8)) +SUM(($G$10:$G$23=$AH16)*($J$10:$J$23)*($O$10:$O$23=BB$8)+($O$10:$O$23=$AH16)*($L$10:$L$23)*($G$10:$G$23=BB$8))/100} -> -0.99 | BC16: {=(SUM(($G$10:$G$23=$AH16)*($J$10:$J$23>$L$10:$L$23)*($O$10:$O$23=BC$8)+($O$10:$O$23=$AH16)*($J$10:$J$23<$L$10:$L$23)*($G$10:$G$23=BC$8)))*300+ (SUM(($G$10:$G$23=$AH16)*($J$10:$J$23=$L$10:$L$23)*($O$10:$O$23=BC$8)+($O$10:$O$23=$AH16)*($J$10:$J$23=$L$10:$L$23)*($G$10:$G$23=BC$8)))*100 +SUM(($G$10:$G$23=$AH16)*($J$10:$J$23)*($O$10:$O$23=BC$8)+($O$10:$O$23=$AH16)*($L$10:$L$23)*($G$10:$G$23=BC$8)) -SUM(($G$10:$G$23=$AH16)*($L$10:$L$23)*($O$10:$O$23=BC$8)+($O$10:$O$23=$AH16)*($J$10:$J$23)*($G$10:$G$23=BC$8)) +SUM(($G$10:$G$23=$AH16)*($J$10:$J$23)*($O$10:$O$23=BC$8)+($O$10:$O$23=$AH16)*($L$10:$L$23)*($G$10:$G$23=BC$8))/100} -> -2 | BD16: {=(SUM(($G$10:$G$23=$AH16)*($J$10:$J$23>$L$10:$L$23)*($O$10:$O$23=BD$8)+($O$10:$O$23=$AH16)*($J$10:$J$23<$L$10:$L$23)*($G$10:$G$23=BD$8)))*300+ (SUM(($G$10:$G$23=$AH16)*($J$10:$J$23=$L$10:$L$23)*($O$10:$O$23=BD$8)+($O$10:$O$23=$AH16)*($J$10:$J$23=$L$10:$L$23)*($G$10:$G$23=BD$8)))*100 +SUM(($G$10:$G$23=$AH16)*($J$10:$J$23)*($O$10:$O$23=BD$8)+($O$10:$O$23=$AH16)*($L$10:$L$23)*($G$10:$G$23=BD$8)) -SUM(($G$10:$G$23=$AH16)*($L$10:$L$23)*($O$10:$O$23=BD$8)+($O$10:$O$23=$AH16)*($J$10:$J$23)*($G$10:$G$23=BD$8)) +SUM(($G$10:$G$23=$AH16)*($J$10:$J$23)*($O$10:$O$23=BD$8)+($O$10:$O$23=$AH16)*($L$10:$L$23)*($G$10:$G$23=BD$8))/100} -> 0
B18: 33 | C18: =VLOOKUP(B18,Aux!M:AH,4,0) -> 45831.875 | D18: =VLOOKUP(B18,Aux!M:AH,4,0) -> 45831.875 | F18: =IFERROR(VLOOKUP(G18,Aux!$A:$X,8,0),"") -> #VALUE! | G18: =VLOOKUP(B18,Aux!M:Y,5,0) -> Seattle Sounders | H18: =IFERROR(VLOOKUP(G18,Aux!$A:$C,3,0),"") -> #VALUE! | J18: 0 | K18: - | L18: 4 | N18: =IFERROR(VLOOKUP(O18,Aux!$A:$C,3,0),"") -> #VALUE! | O18: =VLOOKUP(B18,Aux!M:Y,6,0) -> Paris Saint-Germain | P18: =IFERROR(VLOOKUP(O18,Aux!$A:$X,8,0),"") -> #VALUE! | R18: =VLOOKUP(B18,Aux!M:Y,7,0) -> Lumen Field
B20: 34 | C20: =VLOOKUP(B20,Aux!M:AH,4,0) -> 45831.875 | D20: =VLOOKUP(B20,Aux!M:AH,4,0) -> 45831.875 | F20: =IFERROR(VLOOKUP(G20,Aux!$A:$X,8,0),"") -> #VALUE! | G20: =VLOOKUP(B20,Aux!M:Y,5,0) -> Atlético de Madrid | H20: =IFERROR(VLOOKUP(G20,Aux!$A:$C,3,0),"") -> #VALUE! | J20: 1 | K20: - | L20: 0 | N20: =IFERROR(VLOOKUP(O20,Aux!$A:$C,3,0),"") -> #VALUE! | O20: =VLOOKUP(B20,Aux!M:Y,6,0) -> Botafogo | P20: =IFERROR(VLOOKUP(O20,Aux!$A:$X,8,0),"") -> #VALUE! | R20: =VLOOKUP(B20,Aux!M:Y,7,0) -> Rose Bowl
W21: Aprendiz de Excel
W23: Vídeo YouTube

Sheet C
A1: Aprendiz de Excel - Mundial de Clubes 2025
AY5: 2º | BA5: =VLOOKUP(BA8,$AH$10:$AW$16,15,0) -> 0 | BB5: =VLOOKUP(BB8,$AH$10:$AW$16,15,0) -> 0 | BC5: =VLOOKUP(BC8,$AH$10:$AW$16,15,0) -> 0.10001 | BD5: =VLOOKUP(BD8,$AH$10:$AW$16,15,0) -> 0.10001
AH6: C | AY6: 1º | BA6: =VLOOKUP(BA8,$AH$10:$AW$16,14,0) -> 9 | BB6: =VLOOKUP(BB8,$AH$10:$AW$16,14,0) -> 0 | BC6: =VLOOKUP(BC8,$AH$10:$AW$16,14,0) -> 4 | BD6: =VLOOKUP(BD8,$AH$10:$AW$16,14,0) -> 4
B7: # | C7: Fechas | D7: Horas | E7: PARTIDOS | R7: Estadios | T7: POSICIONES
W8: Pts. | X8: Gan. | Y8: Emp. | Z8: Per. | AA8: GF | AB8: GC | AC8: Dif. | AH8: País | AI8: J | AJ8: Pts. | AK8: Gan. | AL8: Emp. | AM8: Per. | AN8: GF | AO8: GC | AP8: DG | AQ8: JL | AR8: ED | AU8: 1º Criterio | AV8: 2º Criterio | AW8: 3º Criterio | BA8: =AH10 -> Bayern Múnich | BB8: =AH12 -> Auckland City | BC8: =AH14 -> Boca Juniors | BD8: =AH16 -> Benfica
B9: {=_xlfn.REDUCE("",_xlfn.TAKE(_xlfn._xlws.FILTER(Aux!M:T,Aux!T:T=AH6),,1),_xlfn.LAMBDA(_xlpm.t,_xlpm.p,_xlfn.VSTACK(_xlpm.t,_xlpm.p,"")))}
B10: 2 | C10: =VLOOKUP(B10,Aux!M:AH,4,0) -> 45823.75 | D10: =VLOOKUP(B10,Aux!M:AH,4,0) -> 45823.75 | F10: =IFERROR(VLOOKUP(G10,Aux!$A:$X,8,0),"") -> #VALUE! | G10: =VLOOKUP(B10,Aux!M:Y,5,0) -> Bayern Múnich | H10: =IFERROR(VLOOKUP(G10,Aux!$A:$C,3,0),"") -> #VALUE! | J10: 5 | K10: - | L10: 0 | N10: =IFERROR(VLOOKUP(O10,Aux!$A:$C,3,0),"") -> #VALUE! | O10: =VLOOKUP(B10,Aux!M:Y,6,0) -> Auckland City | P10: =IFERROR(VLOOKUP(O10,Aux!$A:$X,8,0),"") -> #VALUE! | R10: =VLOOKUP(B10,Aux!M:Y,7,0) -> TQL Stadium | T10: =INDEX($AH$10:$AH$17,MATCH(1,$AY$10:$AY$16,0)) -> Bayern Múnich | U10: =IFERROR(VLOOKUP(T10,Aux!A:C,3,0),"") -> #VALUE! | W10: =VLOOKUP($T10,$AH$10:$AO$16,3,0) -> 9 | X10: =VLOOKUP($T10,$AH$10:$AO$16,4,0) -> 3 | Y10: =VLOOKUP($T10,$AH$10:$AO$16,5,0) -> 0 | Z10: =VLOOKUP($T10,$AH$10:$AO$16,6,0) -> 0 | AA10: =VLOOKUP($T10,$AH$10:$AO$16,7,0) -> 13 | AB10: =VLOOKUP($T10,$AH$10:$AO$16,8,0) -> 1 | AC10: =AA10-AB10 -> 12 | AG10: 1 | AH10: =VLOOKUP($AH$6&AG10,Aux!Z:AA,2,0) -> Bayern Múnich | AI10: =AK10+AL10+AM10 -> 3 | AJ10: =AK10*3+AL10 -> 9 | AK10: {=SUM(($G$10:$G$23=$AH10)*($J$10:$J$23>$L$10:$L$23)+($O$10:$O$23=$AH10)*($J$10:$J$23<$L$10:$L$23))} -> 3 | AL10: {=SUM(($G$10:$G$23=$AH10)*($J$10:$J$23=$L$10:$L$23)*($J$10:$J$23<>"")+($O$10:$O$23=$AH10)*($J$10:$J$23=$L$10:$L$23)*($J$10:$J$23<>""))} -> 0 | AM10: {=SUM(($G$10:$G$23=$AH10)*($J$10:$J$23<$L$10:$L$23)+($O$10:$O$23=$AH10)*($J$10:$J$23>$L$10:$L$23))} -> 0 | AN10: {=SUM(($G$10:$G$23=$AH10)*($J$10:$J$23)+($O$10:$O$23=$AH10)*($L$10:$L$23))} -> 13 | AO10: {=SUM(($G$10:$G$23=$AH10)*($L$10:$L$23)+($O$10:$O$23=$AH10)*($J$10:$J$23))} -> 1 | AP10: =AN10-AO10 -> 12 | AQ10: 0 | AR10: =+AW10+AV10+AU10 -> 9.000305 | AU10: =+AJ10 -> 9 | AV10: =SUMIFS($BA10:$BD10,$BA$6:$BD$6,AJ10)/1000 -> 0 | AW10: =SUMIFS($BA10:$BD10,$BA$5:$BD$5,AV10)/1000000 -> 0.00030505 | AX10: =_xlfn.RANK.EQ(AJ10,$AJ$10:$AJ$16)+_xlfn.RANK.EQ(AR10,$AR$10:$AR$16)/10+_xlfn.RANK.EQ(AP10,$AP$10:$AP$16)/1000+_xlfn.RANK.EQ(AN10,$AN$10:$AN$16)/100000+_xlfn.RANK.EQ(AQ10,$AQ$10:$AQ$16)/100000+ROW()/1000000 -> 1.10103 | AY10: =_xlfn.RANK.EQ(AX10,$AX$10:$AX$16,1) -> 1 | BA10: {=(SUM(($G$10:$G$23=$AH10)*($J$10:$J$23>$L$10:$L$23)*($O$10:$O$23=BA$8)+($O$10:$O$23=$AH10)*($J$10:$J$23<$L$10:$L$23)*($G$10:$G$23=BA$8)))*300+ (SUM(($G$10:$G$23=$AH10)*($J$10:$J$23=$L$10:$L$23)*($O$10:$O$23=BA$8)+($O$10:$O$23=$AH10)*($J$10:$J$23=$L$10:$L$23)*($G$10:$G$23=BA$8)))*100 +SUM(($G$10:$G$23=$AH10)*($J$10:$J$23)*($O$10:$O$23=BA$8)+($O$10:$O$23=$AH10)*($L$10:$L$23)*($G$10:$G$23=BA$8)) -SUM(($G$10:$G$23=$AH10)*($L$10:$L$23)*($O$10:$O$23=BA$8)+($O$10:$O$23=$AH10)*($J$10:$J$23)*($G$10:$G$23=BA$8)) +SUM(($G$10:$G$23=$AH10)*($J$10:$J$23)*($O$10:$O$23=BA$8)+($O$10:$O$23=$AH10)*($L$10:$L$23)*($G$10:$G$23=BA$8))/100} -> 0 | BB10: {=(SUM(($G$10:$G$23=$AH10)*($J$10:$J$23>$L$10:$L$23)*($O$10:$O$23=BB$8)+($O$10:$O$23=$AH10)*($J$10:$J$23<$L$10:$L$23)*($G$10:$G$23=BB$8)))*300+ (SUM(($G$10:$G$23=$AH10)*($J$10:$J$23=$L$10:$L$23)*($O$10:$O$23=BB$8)+($O$10:$O$23=$AH10)*($J$10:$J$23=$L$10:$L$23)*($G$10:$G$23=BB$8)))*100 +SUM(($G$10:$G$23=$AH10)*($J$10:$J$23)*($O$10:$O$23=BB$8)+($O$10:$O$23=$AH10)*($L$10:$L$23)*($G$10:$G$23=BB$8)) -SUM(($G$10:$G$23=$AH10)*($L$10:$L$23)*($O$10:$O$23=BB$8)+($O$10:$O$23=$AH10)*($J$10:$J$23)*($G$10:$G$23=BB$8)) +SUM(($G$10:$G$23=$AH10)*($J$10:$J$23)*($O$10:$O$23=BB$8)+($O$10:$O$23=$AH10)*($L$10:$L$23)*($G$10:$G$23=BB$8))/100} -> 305.05 | BC10: {=(SUM(($G$10:$G$23=$AH10)*($J$10:$J$23>$L$10:$L$23)*($O$10:$O$23=BC$8)+($O$10:$O$23=$AH10)*($J$10:$J$23<$L$10:$L$23)*($G$10:$G$23=BC$8)))*300+ (SUM(($G$10:$G$23=$AH10)*($J$10:$J$23=$L$10:$L$23)*($O$10:$O$23=BC$8)+($O$10:$O$23=$AH10)*($J$10:$J$23=$L$10:$L$23)*($G$10:$G$23=BC$8)))*100 +SUM(($G$10:$G$23=$AH10)*($J$10:$J$23)*($O$10:$O$23=BC$8)+($O$10:$O$23=$AH10)*($L$10:$L$23)*($G$10:$G$23=BC$8)) -SUM(($G$10:$G$23=$AH10)*($L$10:$L$23)*($O$10:$O$23=BC$8)+($O$10:$O$23=$AH10)*($J$10:$J$23)*($G$10:$G$23=BC$8)) +SUM(($G$10:$G$23=$AH10)*($J$10:$J$23)*($O$10:$O$23=BC$8)+($O$10:$O$23=$AH10)*($L$10:$L$23)*($G$10:$G$23=BC$8))/100} -> 304.04 | BD10: {=(SUM(($G$10:$G$23=$AH10)*($J$10:$J$23>$L$10:$L$23)*($O$10:$O$23=BD$8)+($O$10:$O$23=$AH10)*($J$10:$J$23<$L$10:$L$23)*($G$10:$G$23=BD$8)))*300+ (SUM(($G$10:$G$23=$AH10)*($J$10:$J$23=$L$10:$L$23)*($O$10:$O$23=BD$8)+($O$10:$O$23=$AH10)*($J$10:$J$23=$L$10:$L$23)*($G$10:$G$23=BD$8)))*100 +SUM(($G$10:$G$23=$AH10)*($J$10:$J$23)*($O$10:$O$23=BD$8)+($O$10:$O$23=$AH10)*($L$10:$L$23)*($G$10:$G$23=BD$8)) -SUM(($G$10:$G$23=$AH10)*($L$10:$L$23)*($O$10:$O$23=BD$8)+($O$10:$O$23=$AH10)*($J$10:$J$23)*($G$10:$G$23=BD$8)) +SUM(($G$10:$G$23=$AH10)*($J$10:$J$23)*($O$10:$O$23=BD$8)+($O$10:$O$23=$AH10)*($L$10:$L$23)*($G$10:$G$23=BD$8))/100} -> 303.04
B12: 7 | C12: =VLOOKUP(B12,Aux!M:AH,4,0) -> 45825 | D12: =VLOOKUP(B12,Aux!M:AH,4,0) -> 45825 | F12: =IFERROR(VLOOKUP(G12,Aux!$A:$X,8,0),"") -> #VALUE! | G12: =VLOOKUP(B12,Aux!M:Y,5,0) -> Boca Juniors | H12: =IFERROR(VLOOKUP(G12,Aux!$A:$C,3,0),"") -> #VALUE! | J12: 1 | K12: - | L12: 1 | N12: =IFERROR(VLOOKUP(O12,Aux!$A:$C,3,0),"") -> #VALUE! | O12: =VLOOKUP(B12,Aux!M:Y,6,0) -> Benfica | P12: =IFERROR(VLOOKUP(O12,Aux!$A:$X,8,0),"") -> #VALUE! | R12: =VLOOKUP(B12,Aux!M:Y,7,0) -> Hard Rock Stadium | T12: =INDEX($AH$10:$AH$17,MATCH(2,$AY$10:$AY$16,0)) -> Boca Juniors | U12: =IFERROR(VLOOKUP(T12,Aux!A:C,3,0),"") -> #VALUE! | W12: =VLOOKUP($T12,$AH$10:$AO$16,3,0) -> 4 | X12: =VLOOKUP($T12,$AH$10:$AO$16,4,0) -> 1 | Y12: =VLOOKUP($T12,$AH$10:$AO$16,5,0) -> 1 | Z12: =VLOOKUP($T12,$AH$10:$AO$16,6,0) -> 1 | AA12: =VLOOKUP($T12,$AH$10:$AO$16,7,0) -> 3 | AB12: =VLOOKUP($T12,$AH$10:$AO$16,8,0) -> 5 | AC12: =AA12-AB12 -> -2 | AG12: 2 | AH12: =VLOOKUP($AH$6&AG12,Aux!Z:AA,2,0) -> Auckland City | AI12: =AK12+AL12+AM12 -> 3 | AJ12: =AK12*3+AL12 -> 0 | AK12: {=SUM(($G$10:$G$23=$AH12)*($J$10:$J$23>$L$10:$L$23)+($O$10:$O$23=$AH12)*($J$10:$J$23<$L$10:$L$23))} -> 0 | AL12: {=SUM(($G$10:$G$23=$AH12)*($J$10:$J$23=$L$10:$L$23)*($J$10:$J$23<>"")+($O$10:$O$23=$AH12)*($J$10:$J$23=$L$10:$L$23)*($J$10:$J$23<>""))} -> 0 | AM12: {=SUM(($G$10:$G$23=$AH12)*($J$10:$J$23<$L$10:$L$23)+($O$10:$O$23=$AH12)*($J$10:$J$23>$L$10:$L$23))} -> 3 | AN12: {=SUM(($G$10:$G$23=$AH12)*($J$10:$J$23)+($O$10:$O$23=$AH12)*($L$10:$L$23))} -> 0 | AO12: {=SUM(($G$10:$G$23=$AH12)*($L$10:$L$23)+($O$10:$O$23=$AH12)*($J$10:$J$23))} -> 8 | AP12: =AN12-AO12 -> -8 | AQ12: 0 | AR12: =+AW12+AV12+AU12 -> -5e-06 | AU12: =+AJ12 -> 0 | AV12: =SUMIFS($BA12:$BD12,$BA$6:$BD$6,AJ12)/1000 -> 0 | AW12: =SUMIFS($BA12:$BD12,$BA$5:$BD$5,AV12)/1000000 -> -5e-06 | AX12: =_xlfn.RANK.EQ(AJ12,$AJ$10:$AJ$16)+_xlfn.RANK.EQ(AR12,$AR$10:$AR$16)/10+_xlfn.RANK.EQ(AP12,$AP$10:$AP$16)/1000+_xlfn.RANK.EQ(AN12,$AN$10:$AN$16)/100000+_xlfn.RANK.EQ(AQ12,$AQ$10:$AQ$16)/100000+ROW()/1000000 -> 4.404062 | AY12: =_xlfn.RANK.EQ(AX12,$AX$10:$AX$16,1) -> 4 | BA12: {=(SUM(($G$10:$G$23=$AH12)*($J$10:$J$23>$L$10:$L$23)*($O$10:$O$23=BA$8)+($O$10:$O$23=$AH12)*($J$10:$J$23<$L$10:$L$23)*($G$10:$G$23=BA$8)))*300+ (SUM(($G$10:$G$23=$AH12)*($J$10:$J$23=$L$10:$L$23)*($O$10:$O$23=BA$8)+($O$10:$O$23=$AH12)*($J$10:$J$23=$L$10:$L$23)*($G$10:$G$23=BA$8)))*100 +SUM(($G$10:$G$23=$AH12)*($J$10:$J$23)*($O$10:$O$23=BA$8)+($O$10:$O$23=$AH12)*($L$10:$L$23)*($G$10:$G$23=BA$8)) -SUM(($G$10:$G$23=$AH12)*($L$10:$L$23)*($O$10:$O$23=BA$8)+($O$10:$O$23=$AH12)*($J$10:$J$23)*($G$10:$G$23=BA$8)) +SUM(($G$10:$G$23=$AH12)*($J$10:$J$23)*($O$10:$O$23=BA$8)+($O$10:$O$23=$AH12)*($L$10:$L$23)*($G$10:$G$23=BA$8))/100} -> -5 | BB12: {=(SUM(($G$10:$G$23=$AH12)*($J$10:$J$23>$L$10:$L$23)*($O$10:$O$23=BB$8)+($O$10:$O$23=$AH12)*($J$10:$J$23<$L$10:$L$23)*($G$10:$G$23=BB$8)))*300+ (SUM(($G$10:$G$23=$AH12)*($J$10:$J$23=$L$10:$L$23)*($O$10:$O$23=BB$8)+($O$10:$O$23=$AH12)*($J$10:$J$23=$L$10:$L$23)*($G$10:$G$23=BB$8)))*100 +SUM(($G$10:$G$23=$AH12)*($J$10:$J$23)*($O$10:$O$23=BB$8)+($O$10:$O$23=$AH12)*($L$10:$L$23)*($G$10:$G$23=BB$8)) -SUM(($G$10:$G$23=$AH12)*($L$10:$L$23)*($O$10:$O$23=BB$8)+($O$10:$O$23=$AH12)*($J$10:$J$23)*($G$10:$G$23=BB$8)) +SUM(($G$10:$G$23=$AH12)*($J$10:$J$23)*($O$10:$O$23=BB$8)+($O$10:$O$23=$AH12)*($L$10:$L$23)*($G$10:$G$23=BB$8))/100} -> 0 | BC12: {=(SUM(($G$10:$G$23=$AH12)*($J$10:$J$23>$L$10:$L$23)*($O$10:$O$23=BC$8)+($O$10:$O$23=$AH12)*($J$10:$J$23<$L$10:$L$23)*($G$10:$G$23=BC$8)))*300+ (SUM(($G$10:$G$23=$AH12)*($J$10:$J$23=$L$10:$L$23)*($O$10:$O$23=BC$8)+($O$10:$O$23=$AH12)*($J$10:$J$23=$L$10:$L$23)*($G$10:$G$23=BC$8)))*100 +SUM(($G$10:$G$23=$AH12)*($J$10:$J$23)*($O$10:$O$23=BC$8)+($O$10:$O$23=$AH12)*($L$10:$L$23)*($G$10:$G$23=BC$8)) -SUM(($G$10:$G$23=$AH12)*($L$10:$L$23)*($O$10:$O$23=BC$8)+($O$10:$O$23=$AH12)*($J$10:$J$23)*($G$10:$G$23=BC$8)) +SUM(($G$10:$G$23=$AH12)*($J$10:$J$23)*($O$10:$O$23=BC$8)+($O$10:$O$23=$AH12)*($L$10:$L$23)*($G$10:$G$23=BC$8))/100} -> -2 | BD12: {=(SUM(($G$10:$G$23=$AH12)*($J$10:$J$23>$L$10:$L$23)*($O$10:$O$23=BD$8)+($O$10:$O$23=$AH12)*($J$10:$J$23<$L$10:$L$23)*($G$10:$G$23=BD$8)))*300+ (SUM(($G$10:$G$23=$AH12)*($J$10:$J$23=$L$10:$L$23)*($O$10:$O$23=BD$8)+($O$10:$O$23=$AH12)*($J$10:$J$23=$L$10:$L$23)*($G$10:$G$23=BD$8)))*100 +SUM(($G$10:$G$23=$AH12)*($J$10:$J$23)*($O$10:$O$23=BD$8)+($O$10:$O$23=$AH12)*($L$10:$L$23)*($G$10:$G$23=BD$8)) -SUM(($G$10:$G$23=$AH12)*($L$10:$L$23)*($O$10:$O$23=BD$8)+($O$10:$O$23=$AH12)*($J$10:$J$23)*($G$10:$G$23=BD$8)) +SUM(($G$10:$G$23=$AH12)*($J$10:$J$23)*($O$10:$O$23=BD$8)+($O$10:$O$23=$AH12)*($L$10:$L$23)*($G$10:$G$23=BD$8))/100} -> -1
B14: 21 | C14: =VLOOKUP(B14,Aux!M:AH,4,0) -> 45828.75 | D14: =VLOOKUP(B14,Aux!M:AH,4,0) -> 45828.75 | F14: =IFERROR(VLOOKUP(G14,Aux!$A:$X,8,0),"") -> #VALUE! | G14: =VLOOKUP(B14,Aux!M:Y,5,0) -> Benfica | H14: =IFERROR(VLOOKUP(G14,Aux!$A:$C,3,0),"") -> #VALUE! | J14: 1 | K14: - | L14: 0 | N14: =IFERROR(VLOOKUP(O14,Aux!$A:$C,3,0),"") -> #VALUE! | O14: =VLOOKUP(B14,Aux!M:Y,6,0) -> Auckland City | P14: =IFERROR(VLOOKUP(O14,Aux!$A:$X,8,0),"") -> #VALUE! | R14: =VLOOKUP(B14,Aux!M:Y,7,0) -> Inter&Co Stadium | T14: =INDEX($AH$10:$AH$17,MATCH(3,$AY$10:$AY$16,0)) -> Benfica | U14: =IFERROR(VLOOKUP(T14,Aux!A:C,3,0),"") -> #VALUE! | W14: =VLOOKUP($T14,$AH$10:$AO$16,3,0) -> 4 | X14: =VLOOKUP($T14,$AH$10:$AO$16,4,0) -> 1 | Y14: =VLOOKUP($T14,$AH$10:$AO$16,5,0) -> 1 | Z14: =VLOOKUP($T14,$AH$10:$AO$16,6,0) -> 1 | AA14: =VLOOKUP($T14,$AH$10:$AO$16,7,0) -> 3 | AB14: =VLOOKUP($T14,$AH$10:$AO$16,8,0) -> 5 | AC14: =AA14-AB14 -> -2 | AG14: 3 | AH14: =VLOOKUP($AH$6&AG14,Aux!Z:AA,2,0) -> Boca Juniors | AI14: =AK14+AL14+AM14 -> 3 | AJ14: =AK14*3+AL14 -> 4 | AK14: {=SUM(($G$10:$G$23=$AH14)*($J$10:$J$23>$L$10:$L$23)+($O$10:$O$23=$AH14)*($J$10:$J$23<$L$10:$L$23))} -> 1 | AL14: {=SUM(($G$10:$G$23=$AH14)*($J$10:$J$23=$L$10:$L$23)*($J$10:$J$23<>"")+($O$10:$O$23=$AH14)*($J$10:$J$23=$L$10:$L$23)*($J$10:$J$23<>""))} -> 1 | AM14: {=SUM(($G$10:$G$23=$AH14)*($J$10:$J$23<$L$10:$L$23)+($O$10:$O$23=$AH14)*($J$10:$J$23>$L$10:$L$23))} -> 1 | AN14: {=SUM(($G$10:$G$23=$AH14)*($J$10:$J$23)+($O$10:$O$23=$AH14)*($L$10:$L$23))} -> 3 | AO14: {=SUM(($G$10:$G$23=$AH14)*($L$10:$L$23)+($O$10:$O$23=$AH14)*($J$10:$J$23))} -> 5 | AP14: =AN14-AO14 -> -2 | AQ14: 0 | AR14: =+AW14+AV14+AU14 -> 4.10011 | AU14: =+AJ14 -> 4 | AV14: =SUMIFS($BA14:$BD14,$BA$6:$BD$6,AJ14)/1000 -> 0.10001 | AW14: =SUMIFS($BA14:$BD14,$BA$5:$BD$5,AV14)/1000000 -> 0.00010001 | AX14: =_xlfn.RANK.EQ(AJ14,$AJ$10:$AJ$16)+_xlfn.RANK.EQ(AR14,$AR$10:$AR$16)/10+_xlfn.RANK.EQ(AP14,$AP$10:$AP$16)/1000+_xlfn.RANK.EQ(AN14,$AN$10:$AN$16)/100000+_xlfn.RANK.EQ(AQ14,$AQ$10:$AQ$16)/100000+ROW()/1000000 -> 2.202044 | AY14: =_xlfn.RANK.EQ(AX14,$AX$10:$AX$16,1) -> 2 | BA14: {=(SUM(($G$10:$G$23=$AH14)*($J$10:$J$23>$L$10:$L$23)*($O$10:$O$23=BA$8)+($O$10:$O$23=$AH14)*($J$10:$J$23<$L$10:$L$23)*($G$10:$G$23=BA$8)))*300+ (SUM(($G$10:$G$23=$AH14)*($J$10:$J$23=$L$10:$L$23)*($O$10:$O$23=BA$8)+($O$10:$O$23=$AH14)*($J$10:$J$23=$L$10:$L$23)*($G$10:$G$23=BA$8)))*100 +SUM(($G$10:$G$23=$AH14)*($J$10:$J$23)*($O$10:$O$23=BA$8)+($O$10:$O$23=$AH14)*($L$10:$L$23)*($G$10:$G$23=BA$8)) -SUM(($G$10:$G$23=$AH14)*($L$10:$L$23)*($O$10:$O$23=BA$8)+($O$10:$O$23=$AH14)*($J$10:$J$23)*($G$10:$G$23=BA$8)) +SUM(($G$10:$G$23=$AH14)*($J$10:$J$23)*($O$10:$O$23=BA$8)+($O$10:$O$23=$AH14)*($L$10:$L$23)*($G$10:$G$23=BA$8))/100} -> -4 | BB14: {=(SUM(($G$10:$G$23=$AH14)*($J$10:$J$23>$L$10:$L$23)*($O$10:$O$23=BB$8)+($O$10:$O$23=$AH14)*($J$10:$J$23<$L$10:$L$23)*($G$10:$G$23=BB$8)))*300+ (SUM(($G$10:$G$23=$AH14)*($J$10:$J$23=$L$10:$L$23)*($O$10:$O$23=BB$8)+($O$10:$O$23=$AH14)*($J$10:$J$23=$L$10:$L$23)*($G$10:$G$23=BB$8)))*100 +SUM(($G$10:$G$23=$AH14)*($J$10:$J$23)*($O$10:$O$23=BB$8)+($O$10:$O$23=$AH14)*($L$10:$L$23)*($G$10:$G$23=BB$8)) -SUM(($G$10:$G$23=$AH14)*($L$10:$L$23)*($O$10:$O$23=BB$8)+($O$10:$O$23=$AH14)*($J$10:$J$23)*($G$10:$G$23=BB$8)) +SUM(($G$10:$G$23=$AH14)*($J$10:$J$23)*($O$10:$O$23=BB$8)+($O$10:$O$23=$AH14)*($L$10:$L$23)*($G$10:$G$23=BB$8))/100} -> 302.02 | BC14: {=(SUM(($G$10:$G$23=$AH14)*($J$10:$J$23>$L$10:$L$23)*($O$10:$O$23=BC$8)+($O$10:$O$23=$AH14)*($J$10:$J$23<$L$10:$L$23)*($G$10:$G$23=BC$8)))*300+ (SUM(($G$10:$G$23=$AH14)*($J$10:$J$23=$L$10:$L$23)*($O$10:$O$23=BC$8)+($O$10:$O$23=$AH14)*($J$10:$J$23=$L$10:$L$23)*($G$10:$G$23=BC$8)))*100 +SUM(($G$10:$G$23=$AH14)*($J$10:$J$23)*($O$10:$O$23=BC$8)+($O$10:$O$23=$AH14)*($L$10:$L$23)*($G$10:$G$23=BC$8)) -SUM(($G$10:$G$23=$AH14)*($L$10:$L$23)*($O$10:$O$23=BC$8)+($O$10:$O$23=$AH14)*($J$10:$J$23)*($G$10:$G$23=BC$8)) +SUM(($G$10:$G$23=$AH14)*($J$10:$J$23)*($O$10:$O$23=BC$8)+($O$10:$O$23=$AH14)*($L$10:$L$23)*($G$10:$G$23=BC$8))/100} -> 0 | BD14: {=(SUM(($G$10:$G$23=$AH14)*($J$10:$J$23>$L$10:$L$23)*($O$10:$O$23=BD$8)+($O$10:$O$23=$AH14)*($J$10:$J$23<$L$10:$L$23)*($G$10:$G$23=BD$8)))*300+ (SUM(($G$10:$G$23=$AH14)*($J$10:$J$23=$L$10:$L$23)*($O$10:$O$23=BD$8)+($O$10:$O$23=$AH14)*($J$10:$J$23=$L$10:$L$23)*($G$10:$G$23=BD$8)))*100 +SUM(($G$10:$G$23=$AH14)*($J$10:$J$23)*($O$10:$O$23=BD$8)+($O$10:$O$23=$AH14)*($L$10:$L$23)*($G$10:$G$23=BD$8)) -SUM(($G$10:$G$23=$AH14)*($L$10:$L$23)*($O$10:$O$23=BD$8)+($O$10:$O$23=$AH14)*($J$10:$J$23)*($G$10:$G$23=BD$8)) +SUM(($G$10:$G$23=$AH14)*($J$10:$J$23)*($O$10:$O$23=BD$8)+($O$10:$O$23=$AH14)*($L$10:$L$23)*($G$10:$G$23=BD$8))/100} -> 100.01
B16: 24 | C16: =VLOOKUP(B16,Aux!M:AH,4,0) -> 45829.125 | D16: =VLOOKUP(B16,Aux!M:AH,4,0) -> 45829.125 | F16: =IFERROR(VLOOKUP(G16,Aux!$A:$X,8,0),"") -> #VALUE! | G16: =VLOOKUP(B16,Aux!M:Y,5,0) -> Bayern Múnich | H16: =IFERROR(VLOOKUP(G16,Aux!$A:$C,3,0),"") -> #VALUE! | J16: 4 | K16: - | L16: 0 | N16: =IFERROR(VLOOKUP(O16,Aux!$A:$C,3,0),"") -> #VALUE! | O16: =VLOOKUP(B16,Aux!M:Y,6,0) -> Boca Juniors | P16: =IFERROR(VLOOKUP(O16,Aux!$A:$X,8,0),"") -> #VALUE! | R16: =VLOOKUP(B16,Aux!M:Y,7,0) -> Hard Rock Stadium | T16: =INDEX($AH$10:$AH$17,MATCH(4,$AY$10:$AY$16,0)) -> Auckland City | U16: =IFERROR(VLOOKUP(T16,Aux!A:C,3,0),"") -> #VALUE! | W16: =VLOOKUP($T16,$AH$10:$AO$16,3,0) -> 0 | X16: =VLOOKUP($T16,$AH$10:$AO$16,4,0) -> 0 | Y16: =VLOOKUP($T16,$AH$10:$AO$16,5,0) -> 0 | Z16: =VLOOKUP($T16,$AH$10:$AO$16,6,0) -> 3 | AA16: =VLOOKUP($T16,$AH$10:$AO$16,7,0) -> 0 | AB16: =VLOOKUP($T16,$AH$10:$AO$16,8,0) -> 8 | AC16: =AA16-AB16 -> -8 | AG16: 4 | AH16: =VLOOKUP($AH$6&AG16,Aux!Z:AA,2,0) -> Benfica | AI16: =AK16+AL16+AM16 -> 3 | AJ16: =AK16*3+AL16 -> 4 | AK16: {=SUM(($G$10:$G$23=$AH16)*($J$10:$J$23>$L$10:$L$23)+($O$10:$O$23=$AH16)*($J$10:$J$23<$L$10:$L$23))} -> 1 | AL16: {=SUM(($G$10:$G$23=$AH16)*($J$10:$J$23=$L$10:$L$23)*($J$10:$J$23<>"")+($O$10:$O$23=$AH16)*($J$10:$J$23=$L$10:$L$23)*($J$10:$J$23<>""))} -> 1 | AM16: {=SUM(($G$10:$G$23=$AH16)*($J$10:$J$23<$L$10:$L$23)+($O$10:$O$23=$AH16)*($J$10:$J$23>$L$10:$L$23))} -> 1 | AN16: {=SUM(($G$10:$G$23=$AH16)*($J$10:$J$23)+($O$10:$O$23=$AH16)*($L$10:$L$23))} -> 3 | AO16: {=SUM(($G$10:$G$23=$AH16)*($L$10:$L$23)+($O$10:$O$23=$AH16)*($J$10:$J$23))} -> 5 | AP16: =AN16-AO16 -> -2 | AQ16: 0 | AR16: =+AW16+AV16+AU16 -> 4.10011 | AU16: =+AJ16 -> 4 | AV16: =SUMIFS($BA16:$BD16,$BA$6:$BD$6,AJ16)/1000 -> 0.10001 | AW16: =SUMIFS($BA16:$BD16,$BA$5:$BD$5,AV16)/1000000 -> 0.00010001 | AX16: =_xlfn.RANK.EQ(AJ16,$AJ$10:$AJ$16)+_xlfn.RANK.EQ(AR16,$AR$10:$AR$16)/10+_xlfn.RANK.EQ(AP16,$AP$10:$AP$16)/1000+_xlfn.RANK.EQ(AN16,$AN$10:$AN$16)/100000+_xlfn.RANK.EQ(AQ16,$AQ$10:$AQ$16)/100000+ROW()/1000000 -> 2.202046 | AY16: =_xlfn.RANK.EQ(AX16,$AX$10:$AX$16,1) -> 3 | BA16: {=(SUM(($G$10:$G$23=$AH16)*($J$10:$J$23>$L$10:$L$23)*($O$10:$O$23=BA$8)+($O$10:$O$23=$AH16)*($J$10:$J$23<$L$10:$L$23)*($G$10:$G$23=BA$8)))*300+ (SUM(($G$10:$G$23=$AH16)*($J$10:$J$23=$L$10:$L$23)*($O$10:$O$23=BA$8)+($O$10:$O$23=$AH16)*($J$10:$J$23=$L$10:$L$23)*($G$10:$G$23=BA$8)))*100 +SUM(($G$10:$G$23=$AH16)*($J$10:$J$23)*($O$10:$O$23=BA$8)+($O$10:$O$23=$AH16)*($L$10:$L$23)*($G$10:$G$23=BA$8)) -SUM(($G$10:$G$23=$AH16)*($L$10:$L$23)*($O$10:$O$23=BA$8)+($O$10:$O$23=$AH16)*($J$10:$J$23)*($G$10:$G$23=BA$8)) +SUM(($G$10:$G$23=$AH16)*($J$10:$J$23)*($O$10:$O$23=BA$8)+($O$10:$O$23=$AH16)*($L$10:$L$23)*($G$10:$G$23=BA$8))/100} -> -2.99 | BB16: {=(SUM(($G$10:$G$23=$AH16)*($J$10:$J$23>$L$10:$L$23)*($O$10:$O$23=BB$8)+($O$10:$O$23=$AH16)*($J$10:$J$23<$L$10:$L$23)*($G$10:$G$23=BB$8)))*300+ (SUM(($G$10:$G$23=$AH16)*($J$10:$J$23=$L$10:$L$23)*($O$10:$O$23=BB$8)+($O$10:$O$23=$AH16)*($J$10:$J$23=$L$10:$L$23)*($G$10:$G$23=BB$8)))*100 +SUM(($G$10:$G$23=$AH16)*($J$10:$J$23)*($O$10:$O$23=BB$8)+($O$10:$O$23=$AH16)*($L$10:$L$23)*($G$10:$G$23=BB$8)) -SUM(($G$10:$G$23=$AH16)*($L$10:$L$23)*($O$10:$O$23=BB$8)+($O$10:$O$23=$AH16)*($J$10:$J$23)*($G$10:$G$23=BB$8)) +SUM(($G$10:$G$23=$AH16)*($J$10:$J$23)*($O$10:$O$23=BB$8)+($O$10:$O$23=$AH16)*($L$10:$L$23)*($G$10:$G$23=BB$8))/100} -> 301.01 | BC16: {=(SUM(($G$10:$G$23=$AH16)*($J$10:$J$23>$L$10:$L$23)*($O$10:$O$23=BC$8)+($O$10:$O$23=$AH16)*($J$10:$J$23<$L$10:$L$23)*($G$10:$G$23=BC$8)))*300+ (SUM(($G$10:$G$23=$AH16)*($J$10:$J$23=$L$10:$L$23)*($O$10:$O$23=BC$8)+($O$10:$O$23=$AH16)*($J$10:$J$23=$L$10:$L$23)*($G$10:$G$23=BC$8)))*100 +SUM(($G$10:$G$23=$AH16)*($J$10:$J$23)*($O$10:$O$23=BC$8)+($O$10:$O$23=$AH16)*($L$10:$L$23)*($G$10:$G$23=BC$8)) -SUM(($G$10:$G$23=$AH16)*($L$10:$L$23)*($O$10:$O$23=BC$8)+($O$10:$O$23=$AH16)*($J$10:$J$23)*($G$10:$G$23=BC$8)) +SUM(($G$10:$G$23=$AH16)*($J$10:$J$23)*($O$10:$O$23=BC$8)+($O$10:$O$23=$AH16)*($L$10:$L$23)*($G$10:$G$23=BC$8))/100} -> 100.01 | BD16: {=(SUM(($G$10:$G$23=$AH16)*($J$10:$J$23>$L$10:$L$23)*($O$10:$O$23=BD$8)+($O$10:$O$23=$AH16)*($J$10:$J$23<$L$10:$L$23)*($G$10:$G$23=BD$8)))*300+ (SUM(($G$10:$G$23=$AH16)*($J$10:$J$23=$L$10:$L$23)*($O$10:$O$23=BD$8)+($O$10:$O$23=$AH16)*($J$10:$J$23=$L$10:$L$23)*($G$10:$G$23=BD$8)))*100 +SUM(($G$10:$G$23=$AH16)*($J$10:$J$23)*($O$10:$O$23=BD$8)+($O$10:$O$23=$AH16)*($L$10:$L$23)*($G$10:$G$23=BD$8)) -SUM(($G$10:$G$23=$AH16)*($L$10:$L$23)*($O$10:$O$23=BD$8)+($O$10:$O$23=$AH16)*($J$10:$J$23)*($G$10:$G$23=BD$8)) +SUM(($G$10:$G$23=$AH16)*($J$10:$J$23)*($O$10:$O$23=BD$8)+($O$10:$O$23=$AH16)*($L$10:$L$23)*($G$10:$G$23=BD$8))/100} -> 0
B18: 37 | C18: =VLOOKUP(B18,Aux!M:AH,4,0) -> 45832.875 | D18: =VLOOKUP(B18,Aux!M:AH,4,0) -> 45832.875 | F18: =IFERROR(VLOOKUP(G18,Aux!$A:$X,8,0),"") -> #VALUE! | G18: =VLOOKUP(B18,Aux!M:Y,5,0) -> Auckland City | H18: =IFERROR(VLOOKUP(G18,Aux!$A:$C,3,0),"") -> #VALUE! | J18: 0 | K18: - | L18: 2 | N18: =IFERROR(VLOOKUP(O18,Aux!$A:$C,3,0),"") -> #VALUE! | O18: =VLOOKUP(B18,Aux!M:Y,6,0) -> Boca Juniors | P18: =IFERROR(VLOOKUP(O18,Aux!$A:$X,8,0),"") -> #VALUE! | R18: =VLOOKUP(B18,Aux!M:Y,7,0) -> Geodis Park
B20: 38 | C20: =VLOOKUP(B20,Aux!M:AH,4,0) -> 45832.875 | D20: =VLOOKUP(B20,Aux!M:AH,4,0) -> 45832.875 | F20: =IFERROR(VLOOKUP(G20,Aux!$A:$X,8,0),"") -> #VALUE! | G20: =VLOOKUP(B20,Aux!M:Y,5,0) -> Benfica | H20: =IFERROR(VLOOKUP(G20,Aux!$A:$C,3,0),"") -> #VALUE! | J20: 1 | L20: 4 | N20: =IFERROR(VLOOKUP(O20,Aux!$A:$C,3,0),"") -> #VALUE! | O20: =VLOOKUP(B20,Aux!M:Y,6,0) -> Bayern Múnich | P20: =IFERROR(VLOOKUP(O20,Aux!$A:$X,8,0),"") -> #VALUE! | R20: =VLOOKUP(B20,Aux!M:Y,7,0) -> Bank of America Stadium
W21: Aprendiz de Excel
W23: Vídeo YouTube

Sheet D
A1: Aprendiz de Excel - Mundial de Clubes 2025
AY5: 2º | BA5: =VLOOKUP(BA8,$AH$10:$AW$16,15,0) -> 0 | BB5: =VLOOKUP(BB8,$AH$10:$AW$16,15,0) -> 0 | BC5: =VLOOKUP(BC8,$AH$10:$AW$16,15,0) -> 0 | BD5: =VLOOKUP(BD8,$AH$10:$AW$16,15,0) -> 0
AH6: D | AY6: 1º | BA6: =VLOOKUP(BA8,$AH$10:$AW$16,14,0) -> 6 | BB6: =VLOOKUP(BB8,$AH$10:$AW$16,14,0) -> 0 | BC6: =VLOOKUP(BC8,$AH$10:$AW$16,14,0) -> 9 | BD6: =VLOOKUP(BD8,$AH$10:$AW$16,14,0) -> 3
B7: # | C7: Fechas | D7: Horas | E7: PARTIDOS | R7: Estadios | T7: POSICIONES
W8: Pts. | X8: Gan. | Y8: Emp. | Z8: Per. | AA8: GF | AB8: GC | AC8: Dif. | AH8: País | AI8: J | AJ8: Pts. | AK8: Gan. | AL8: Emp. | AM8: Per. | AN8: GF | AO8: GC | AP8: DG | AQ8: JL | AR8: ED | AU8: 1º Criterio | AV8: 2º Criterio | AW8: 3º Criterio | BA8: =AH10 -> Flamengo | BB8: =AH12 -> Espérance de Tunis | BC8: =AH14 -> Chelsea | BD8: =AH16 -> Los Angeles
B9: {=_xlfn.REDUCE("",_xlfn.TAKE(_xlfn._xlws.FILTER(Aux!M:T,Aux!T:T=AH6),,1),_xlfn.LAMBDA(_xlpm.t,_xlpm.p,_xlfn.VSTACK(_xlpm.t,_xlpm.p,"")))}
B10: 6 | C10: =VLOOKUP(B10,Aux!M:AH,4,0) -> 45824.875 | D10: =VLOOKUP(B10,Aux!M:AH,4,0) -> 45824.875 | F10: =IFERROR(VLOOKUP(G10,Aux!$A:$X,8,0),"") -> #VALUE! | G10: =VLOOKUP(B10,Aux!M:Y,5,0) -> Chelsea | H10: =IFERROR(VLOOKUP(G10,Aux!$A:$C,3,0),"") -> #VALUE! | J10: 2 | K10: - | L10: 1 | N10: =IFERROR(VLOOKUP(O10,Aux!$A:$C,3,0),"") -> #VALUE! | O10: =VLOOKUP(B10,Aux!M:Y,6,0) -> Los Angeles | P10: =IFERROR(VLOOKUP(O10,Aux!$A:$X,8,0),"") -> #VALUE! | R10: =VLOOKUP(B10,Aux!M:Y,7,0) -> Mercedes-Benz Stadium | T10: =INDEX($AH$10:$AH$17,MATCH(1,$AY$10:$AY$16,0)) -> Chelsea | U10: =IFERROR(VLOOKUP(T10,Aux!A:C,3,0),"") -> #VALUE! | W10: =VLOOKUP($T10,$AH$10:$AO$16,3,0) -> 9 | X10: =VLOOKUP($T10,$AH$10:$AO$16,4,0) -> 3 | Y10: =VLOOKUP($T10,$AH$10:$AO$16,5,0) -> 0 | Z10: =VLOOKUP($T10,$AH$10:$AO$16,6,0) -> 0 | AA10: =VLOOKUP($T10,$AH$10:$AO$16,7,0) -> 7 | AB10: =VLOOKUP($T10,$AH$10:$AO$16,8,0) -> 2 | AC10: =AA10-AB10 -> 5 | AG10: 1 | AH10: =VLOOKUP($AH$6&AG10,Aux!Z:AA,2,0) -> Flamengo | AI10: =AK10+AL10+AM10 -> 3 | AJ10: =AK10*3+AL10 -> 6 | AK10: {=SUM(($G$10:$G$23=$AH10)*($J$10:$J$23>$L$10:$L$23)+($O$10:$O$23=$AH10)*($J$10:$J$23<$L$10:$L$23))} -> 2 | AL10: {=SUM(($G$10:$G$23=$AH10)*($J$10:$J$23=$L$10:$L$23)*($J$10:$J$23<>"")+($O$10:$O$23=$AH10)*($J$10:$J$23=$L$10:$L$23)*($J$10:$J$23<>""))} -> 0 | AM10: {=SUM(($G$10:$G$23=$AH10)*($J$10:$J$23<$L$10:$L$23)+($O$10:$O$23=$AH10)*($J$10:$J$23>$L$10:$L$23))} -> 1 | AN10: {=SUM(($G$10:$G$23=$AH10)*($J$10:$J$23)+($O$10:$O$23=$AH10)*($L$10:$L$23))} -> 6 | AO10: {=SUM(($G$10:$G$23=$AH10)*($L$10:$L$23)+($O$10:$O$23=$AH10)*($J$10:$J$23))} -> 3 | AP10: =AN10-AO10 -> 3 | AQ10: 0 | AR10: =+AW10+AV10+AU10 -> 6.0006031 | AU10: =+AJ10 -> 6 | AV10: =SUMIFS($BA10:$BD10,$BA$6:$BD$6,AJ10)/1000 -> 0 | AW10: =SUMIFS($BA10:$BD10,$BA$5:$BD$5,AV10)/1000000 -> 0.00060306 | AX10: =_xlfn.RANK.EQ(AJ10,$AJ$10:$AJ$16)+_xlfn.RANK.EQ(AR10,$AR$10:$AR$16)/10+_xlfn.RANK.EQ(AP10,$AP$10:$AP$16)/1000+_xlfn.RANK.EQ(AN10,$AN$10:$AN$16)/100000+_xlfn.RANK.EQ(AQ10,$AQ$10:$AQ$16)/100000+ROW()/1000000 -> 2.20204 | AY10: =_xlfn.RANK.EQ(AX10,$AX$10:$AX$16,1) -> 2 | BA10: {=(SUM(($G$10:$G$23=$AH10)*($J$10:$J$23>$L$10:$L$23)*($O$10:$O$23=BA$8)+($O$10:$O$23=$AH10)*($J$10:$J$23<$L$10:$L$23)*($G$10:$G$23=BA$8)))*300+ (SUM(($G$10:$G$23=$AH10)*($J$10:$J$23=$L$10:$L$23)*($O$10:$O$23=BA$8)+($O$10:$O$23=$AH10)*($J$10:$J$23=$L$10:$L$23)*($G$10:$G$23=BA$8)))*100 +SUM(($G$10:$G$23=$AH10)*($J$10:$J$23)*($O$10:$O$23=BA$8)+($O$10:$O$23=$AH10)*($L$10:$L$23)*($G$10:$G$23=BA$8)) -SUM(($G$10:$G$23=$AH10)*($L$10:$L$23)*($O$10:$O$23=BA$8)+($O$10:$O$23=$AH10)*($J$10:$J$23)*($G$10:$G$23=BA$8)) +SUM(($G$10:$G$23=$AH10)*($J$10:$J$23)*($O$10:$O$23=BA$8)+($O$10:$O$23=$AH10)*($L$10:$L$23)*($G$10:$G$23=BA$8))/100} -> 0 | BB10: {=(SUM(($G$10:$G$23=$AH10)*($J$10:$J$23>$L$10:$L$23)*($O$10:$O$23=BB$8)+($O$10:$O$23=$AH10)*($J$10:$J$23<$L$10:$L$23)*($G$10:$G$23=BB$8)))*300+ (SUM(($G$10:$G$23=$AH10)*($J$10:$J$23=$L$10:$L$23)*($O$10:$O$23=BB$8)+($O$10:$O$23=$AH10)*($J$10:$J$23=$L$10:$L$23)*($G$10:$G$23=BB$8)))*100 +SUM(($G$10:$G$23=$AH10)*($J$10:$J$23)*($O$10:$O$23=BB$8)+($O$10:$O$23=$AH10)*($L$10:$L$23)*($G$10:$G$23=BB$8)) -SUM(($G$10:$G$23=$AH10)*($L$10:$L$23)*($O$10:$O$23=BB$8)+($O$10:$O$23=$AH10)*($J$10:$J$23)*($G$10:$G$23=BB$8)) +SUM(($G$10:$G$23=$AH10)*($J$10:$J$23)*($O$10:$O$23=BB$8)+($O$10:$O$23=$AH10)*($L$10:$L$23)*($G$10:$G$23=BB$8))/100} -> 303.03 | BC10: {=(SUM(($G$10:$G$23=$AH10)*($J$10:$J$23>$L$10:$L$23)*($O$10:$O$23=BC$8)+($O$10:$O$23=$AH10)*($J$10:$J$23<$L$10:$L$23)*($G$10:$G$23=BC$8)))*300+ (SUM(($G$10:$G$23=$AH10)*($J$10:$J$23=$L$10:$L$23)*($O$10:$O$23=BC$8)+($O$10:$O$23=$AH10)*($J$10:$J$23=$L$10:$L$23)*($G$10:$G$23=BC$8)))*100 +SUM(($G$10:$G$23=$AH10)*($J$10:$J$23)*($O$10:$O$23=BC$8)+($O$10:$O$23=$AH10)*($L$10:$L$23)*($G$10:$G$23=BC$8)) -SUM(($G$10:$G$23=$AH10)*($L$10:$L$23)*($O$10:$O$23=BC$8)+($O$10:$O$23=$AH10)*($J$10:$J$23)*($G$10:$G$23=BC$8)) +SUM(($G$10:$G$23=$AH10)*($J$10:$J$23)*($O$10:$O$23=BC$8)+($O$10:$O$23=$AH10)*($L$10:$L$23)*($G$10:$G$23=BC$8))/100} -> -0.99 | BD10: {=(SUM(($G$10:$G$23=$AH10)*($J$10:$J$23>$L$10:$L$23)*($O$10:$O$23=BD$8)+($O$10:$O$23=$AH10)*($J$10:$J$23<$L$10:$L$23)*($G$10:$G$23=BD$8)))*300+ (SUM(($G$10:$G$23=$AH10)*($J$10:$J$23=$L$10:$L$23)*($O$10:$O$23=BD$8)+($O$10:$O$23=$AH10)*($J$10:$J$23=$L$10:$L$23)*($G$10:$G$23=BD$8)))*100 +SUM(($G$10:$G$23=$AH10)*($J$10:$J$23)*($O$10:$O$23=BD$8)+($O$10:$O$23=$AH10)*($L$10:$L$23)*($G$10:$G$23=BD$8)) -SUM(($G$10:$G$23=$AH10)*($L$10:$L$23)*($O$10:$O$23=BD$8)+($O$10:$O$23=$AH10)*($J$10:$J$23)*($G$10:$G$23=BD$8)) +SUM(($G$10:$G$23=$AH10)*($J$10:$J$23)*($O$10:$O$23=BD$8)+($O$10:$O$23=$AH10)*($L$10:$L$23)*($G$10:$G$23=BD$8))/100} -> 301.02
B12: 8 | C12: =VLOOKUP(B12,Aux!M:AH,4,0) -> 45825.125 | D12: =VLOOKUP(B12,Aux!M:AH,4,0) -> 45825.125 | F12: =IFERROR(VLOOKUP(G12,Aux!$A:$X,8,0),"") -> #VALUE! | G12: =VLOOKUP(B12,Aux!M:Y,5,0) -> Flamengo | H12: =IFERROR(VLOOKUP(G12,Aux!$A:$C,3,0),"") -> #VALUE! | J12: 3 | K12: - | L12: 0 | N12: =IFERROR(VLOOKUP(O12,Aux!$A:$C,3,0),"") -> #VALUE! | O12: =VLOOKUP(B12,Aux!M:Y,6,0) -> Espérance de Tunis | P12: =IFERROR(VLOOKUP(O12,Aux!$A:$X,8,0),"") -> #VALUE! | R12: =VLOOKUP(B12,Aux!M:Y,7,0) -> Lincoln Financial Field | T12: =INDEX($AH$10:$AH$17,MATCH(2,$AY$10:$AY$16,0)) -> Flamengo | U12: =IFERROR(VLOOKUP(T12,Aux!A:C,3,0),"") -> #VALUE! | W12: =VLOOKUP($T12,$AH$10:$AO$16,3,0) -> 6 | X12: =VLOOKUP($T12,$AH$10:$AO$16,4,0) -> 2 | Y12: =VLOOKUP($T12,$AH$10:$AO$16,5,0) -> 0 | Z12: =VLOOKUP($T12,$AH$10:$AO$16,6,0) -> 1 | AA12: =VLOOKUP($T12,$AH$10:$AO$16,7,0) -> 6 | AB12: =VLOOKUP($T12,$AH$10:$AO$16,8,0) -> 3 | AC12: =AA12-AB12 -> 3 | AG12: 2 | AH12: =VLOOKUP($AH$6&AG12,Aux!Z:AA,2,0) -> Espérance de Tunis | AI12: =AK12+AL12+AM12 -> 3 | AJ12: =AK12*3+AL12 -> 0 | AK12: {=SUM(($G$10:$G$23=$AH12)*($J$10:$J$23>$L$10:$L$23)+($O$10:$O$23=$AH12)*($J$10:$J$23<$L$10:$L$23))} -> 0 | AL12: {=SUM(($G$10:$G$23=$AH12)*($J$10:$J$23=$L$10:$L$23)*($J$10:$J$23<>"")+($O$10:$O$23=$AH12)*($J$10:$J$23=$L$10:$L$23)*($J$10:$J$23<>""))} -> 0 | AM12: {=SUM(($G$10:$G$23=$AH12)*($J$10:$J$23<$L$10:$L$23)+($O$10:$O$23=$AH12)*($J$10:$J$23>$L$10:$L$23))} -> 3 | AN12: {=SUM(($G$10:$G$23=$AH12)*($J$10:$J$23)+($O$10:$O$23=$AH12)*($L$10:$L$23))} -> 1 | AO12: {=SUM(($G$10:$G$23=$AH12)*($L$10:$L$23)+($O$10:$O$23=$AH12)*($J$10:$J$23))} -> 8 | AP12: =AN12-AO12 -> -7 | AQ12: 0 | AR12: =+AW12+AV12+AU12 -> -6.99e-06 | AU12: =+AJ12 -> 0 | AV12: =SUMIFS($BA12:$BD12,$BA$6:$BD$6,AJ12)/1000 -> 0 | AW12: =SUMIFS($BA12:$BD12,$BA$5:$BD$5,AV12)/1000000 -> -6.99e-06 | AX12: =_xlfn.RANK.EQ(AJ12,$AJ$10:$AJ$16)+_xlfn.RANK.EQ(AR12,$AR$10:$AR$16)/10+_xlfn.RANK.EQ(AP12,$AP$10:$AP$16)/1000+_xlfn.RANK.EQ(AN12,$AN$10:$AN$16)/100000+_xlfn.RANK.EQ(AQ12,$AQ$10:$AQ$16)/100000+ROW()/1000000 -> 4.404062 | AY12: =_xlfn.RANK.EQ(AX12,$AX$10:$AX$16,1) -> 4 | BA12: {=(SUM(($G$10:$G$23=$AH12)*($J$10:$J$23>$L$10:$L$23)*($O$10:$O$23=BA$8)+($O$10:$O$23=$AH12)*($J$10:$J$23<$L$10:$L$23)*($G$10:$G$23=BA$8)))*300+ (SUM(($G$10:$G$23=$AH12)*($J$10:$J$23=$L$10:$L$23)*($O$10:$O$23=BA$8)+($O$10:$O$23=$AH12)*($J$10:$J$23=$L$10:$L$23)*($G$10:$G$23=BA$8)))*100 +SUM(($G$10:$G$23=$AH12)*($J$10:$J$23)*($O$10:$O$23=BA$8)+($O$10:$O$23=$AH12)*($L$10:$L$23)*($G$10:$G$23=BA$8)) -SUM(($G$10:$G$23=$AH12)*($L$10:$L$23)*($O$10:$O$23=BA$8)+($O$10:$O$23=$AH12)*($J$10:$J$23)*($G$10:$G$23=BA$8)) +SUM(($G$10:$G$23=$AH12)*($J$10:$J$23)*($O$10:$O$23=BA$8)+($O$10:$O$23=$AH12)*($L$10:$L$23)*($G$10:$G$23=BA$8))/100} -> -3 | BB12: {=(SUM(($G$10:$G$23=$AH12)*($J$10:$J$23>$L$10:$L$23)*($O$10:$O$23=BB$8)+($O$10:$O$23=$AH12)*($J$10:$J$23<$L$10:$L$23)*($G$10:$G$23=BB$8)))*300+ (SUM(($G$10:$G$23=$AH12)*($J$10:$J$23=$L$10:$L$23)*($O$10:$O$23=BB$8)+($O$10:$O$23=$AH12)*($J$10:$J$23=$L$10:$L$23)*($G$10:$G$23=BB$8)))*100 +SUM(($G$10:$G$23=$AH12)*($J$10:$J$23)*($O$10:$O$23=BB$8)+($O$10:$O$23=$AH12)*($L$10:$L$23)*($G$10:$G$23=BB$8)) -SUM(($G$10:$G$23=$AH12)*($L$10:$L$23)*($O$10:$O$23=BB$8)+($O$10:$O$23=$AH12)*($J$10:$J$23)*($G$10:$G$23=BB$8)) +SUM(($G$10:$G$23=$AH12)*($J$10:$J$23)*($O$10:$O$23=BB$8)+($O$10:$O$23=$AH12)*($L$10:$L$23)*($G$10:$G$23=BB$8))/100} -> 0 | BC12: {=(SUM(($G$10:$G$23=$AH12)*($J$10:$J$23>$L$10:$L$23)*($O$10:$O$23=BC$8)+($O$10:$O$23=$AH12)*($J$10:$J$23<$L$10:$L$23)*($G$10:$G$23=BC$8)))*300+ (SUM(($G$10:$G$23=$AH12)*($J$10:$J$23=$L$10:$L$23)*($O$10:$O$23=BC$8)+($O$10:$O$23=$AH12)*($J$10:$J$23=$L$10:$L$23)*($G$10:$G$23=BC$8)))*100 +SUM(($G$10:$G$23=$AH12)*($J$10:$J$23)*($O$10:$O$23=BC$8)+($O$10:$O$23=$AH12)*($L$10:$L$23)*($G$10:$G$23=BC$8)) -SUM(($G$10:$G$23=$AH12)*($L$10:$L$23)*($O$10:$O$23=BC$8)+($O$10:$O$23=$AH12)*($J$10:$J$23)*($G$10:$G$23=BC$8)) +SUM(($G$10:$G$23=$AH12)*($J$10:$J$23)*($O$10:$O$23=BC$8)+($O$10:$O$23=$AH12)*($L$10:$L$23)*($G$10:$G$23=BC$8))/100} -> -3 | BD12: {=(SUM(($G$10:$G$23=$AH12)*($J$10:$J$23>$L$10:$L$23)*($O$10:$O$23=BD$8)+($O$10:$O$23=$AH12)*($J$10:$J$23<$L$10:$L$23)*($G$10:$G$23=BD$8)))*300+ (SUM(($G$10:$G$23=$AH12)*($J$10:$J$23=$L$10:$L$23)*($O$10:$O$23=BD$8)+($O$10:$O$23=$AH12)*($J$10:$J$23=$L$10:$L$23)*($G$10:$G$23=BD$8)))*100 +SUM(($G$10:$G$23=$AH12)*($J$10:$J$23)*($O$10:$O$23=BD$8)+($O$10:$O$23=$AH12)*($L$10:$L$23)*($G$10:$G$23=BD$8)) -SUM(($G$10:$G$23=$AH12)*($L$10:$L$23)*($O$10:$O$23=BD$8)+($O$10:$O$23=$AH12)*($J$10:$J$23)*($G$10:$G$23=BD$8)) +SUM(($G$10:$G$23=$AH12)*($J$10:$J$23)*($O$10:$O$23=BD$8)+($O$10:$O$23=$AH12)*($L$10:$L$23)*($G$10:$G$23=BD$8))/100} -> -0.99
B14: 22 | C14: =VLOOKUP(B14,Aux!M:AH,4,0) -> 45828.833 | D14: =VLOOKUP(B14,Aux!M:AH,4,0) -> 45828.833 | F14: =IFERROR(VLOOKUP(G14,Aux!$A:$X,8,0),"") -> #VALUE! | G14: =VLOOKUP(B14,Aux!M:Y,5,0) -> Flamengo | H14: =IFERROR(VLOOKUP(G14,Aux!$A:$C,3,0),"") -> #VALUE! | J14: 1 | K14: - | L14: 2 | N14: =IFERROR(VLOOKUP(O14,Aux!$A:$C,3,0),"") -> #VALUE! | O14: =VLOOKUP(B14,Aux!M:Y,6,0) -> Chelsea | P14: =IFERROR(VLOOKUP(O14,Aux!$A:$X,8,0),"") -> #VALUE! | R14: =VLOOKUP(B14,Aux!M:Y,7,0) -> Lincoln Financial Field | T14: =INDEX($AH$10:$AH$17,MATCH(3,$AY$10:$AY$16,0)) -> Los Angeles | U14: =IFERROR(VLOOKUP(T14,Aux!A:C,3,0),"") -> #VALUE! | W14: =VLOOKUP($T14,$AH$10:$AO$16,3,0) -> 3 | X14: =VLOOKUP($T14,$AH$10:$AO$16,4,0) -> 1 | Y14: =VLOOKUP($T14,$AH$10:$AO$16,5,0) -> 0 | Z14: =VLOOKUP($T14,$AH$10:$AO$16,6,0) -> 2 | AA14: =VLOOKUP($T14,$AH$10:$AO$16,7,0) -> 4 | AB14: =VLOOKUP($T14,$AH$10:$AO$16,8,0) -> 5 | AC14: =AA14-AB14 -> -1 | AG14: 3 | AH14: =VLOOKUP($AH$6&AG14,Aux!Z:AA,2,0) -> Chelsea | AI14: =AK14+AL14+AM14 -> 3 | AJ14: =AK14*3+AL14 -> 9 | AK14: {=SUM(($G$10:$G$23=$AH14)*($J$10:$J$23>$L$10:$L$23)+($O$10:$O$23=$AH14)*($J$10:$J$23<$L$10:$L$23))} -> 3 | AL14: {=SUM(($G$10:$G$23=$AH14)*($J$10:$J$23=$L$10:$L$23)*($J$10:$J$23<>"")+($O$10:$O$23=$AH14)*($J$10:$J$23=$L$10:$L$23)*($J$10:$J$23<>""))} -> 0 | AM14: {=SUM(($G$10:$G$23=$AH14)*($J$10:$J$23<$L$10:$L$23)+($O$10:$O$23=$AH14)*($J$10:$J$23>$L$10:$L$23))} -> 0 | AN14: {=SUM(($G$10:$G$23=$AH14)*($J$10:$J$23)+($O$10:$O$23=$AH14)*($L$10:$L$23))} -> 7 | AO14: {=SUM(($G$10:$G$23=$AH14)*($L$10:$L$23)+($O$10:$O$23=$AH14)*($J$10:$J$23))} -> 2 | AP14: =AN14-AO14 -> 5 | AQ14: 0 | AR14: =+AW14+AV14+AU14 -> 9.0009051 | AU14: =+AJ14 -> 9 | AV14: =SUMIFS($BA14:$BD14,$BA$6:$BD$6,AJ14)/1000 -> 0 | AW14: =SUMIFS($BA14:$BD14,$BA$5:$BD$5,AV14)/1000000 -> 0.00090507 | AX14: =_xlfn.RANK.EQ(AJ14,$AJ$10:$AJ$16)+_xlfn.RANK.EQ(AR14,$AR$10:$AR$16)/10+_xlfn.RANK.EQ(AP14,$AP$10:$AP$16)/1000+_xlfn.RANK.EQ(AN14,$AN$10:$AN$16)/100000+_xlfn.RANK.EQ(AQ14,$AQ$10:$AQ$16)/100000+ROW()/1000000 -> 1.101034 | AY14: =_xlfn.RANK.EQ(AX14,$AX$10:$AX$16,1) -> 1 | BA14: {=(SUM(($G$10:$G$23=$AH14)*($J$10:$J$23>$L$10:$L$23)*($O$10:$O$23=BA$8)+($O$10:$O$23=$AH14)*($J$10:$J$23<$L$10:$L$23)*($G$10:$G$23=BA$8)))*300+ (SUM(($G$10:$G$23=$AH14)*($J$10:$J$23=$L$10:$L$23)*($O$10:$O$23=BA$8)+($O$10:$O$23=$AH14)*($J$10:$J$23=$L$10:$L$23)*($G$10:$G$23=BA$8)))*100 +SUM(($G$10:$G$23=$AH14)*($J$10:$J$23)*($O$10:$O$23=BA$8)+($O$10:$O$23=$AH14)*($L$10:$L$23)*($G$10:$G$23=BA$8)) -SUM(($G$10:$G$23=$AH14)*($L$10:$L$23)*($O$10:$O$23=BA$8)+($O$10:$O$23=$AH14)*($J$10:$J$23)*($G$10:$G$23=BA$8)) +SUM(($G$10:$G$23=$AH14)*($J$10:$J$23)*($O$10:$O$23=BA$8)+($O$10:$O$23=$AH14)*($L$10:$L$23)*($G$10:$G$23=BA$8))/100} -> 301.02 | BB14: {=(SUM(($G$10:$G$23=$AH14)*($J$10:$J$23>$L$10:$L$23)*($O$10:$O$23=BB$8)+($O$10:$O$23=$AH14)*($J$10:$J$23<$L$10:$L$23)*($G$10:$G$23=BB$8)))*300+ (SUM(($G$10:$G$23=$AH14)*($J$10:$J$23=$L$10:$L$23)*($O$10:$O$23=BB$8)+($O$10:$O$23=$AH14)*($J$10:$J$23=$L$10:$L$23)*($G$10:$G$23=BB$8)))*100 +SUM(($G$10:$G$23=$AH14)*($J$10:$J$23)*($O$10:$O$23=BB$8)+($O$10:$O$23=$AH14)*($L$10:$L$23)*($G$10:$G$23=BB$8)) -SUM(($G$10:$G$23=$AH14)*($L$10:$L$23)*($O$10:$O$23=BB$8)+($O$10:$O$23=$AH14)*($J$10:$J$23)*($G$10:$G$23=BB$8)) +SUM(($G$10:$G$23=$AH14)*($J$10:$J$23)*($O$10:$O$23=BB$8)+($O$10:$O$23=$AH14)*($L$10:$L$23)*($G$10:$G$23=BB$8))/100} -> 303.03 | BC14: {=(SUM(($G$10:$G$23=$AH14)*($J$10:$J$23>$L$10:$L$23)*($O$10:$O$23=BC$8)+($O$10:$O$23=$AH14)*($J$10:$J$23<$L$10:$L$23)*($G$10:$G$23=BC$8)))*300+ (SUM(($G$10:$G$23=$AH14)*($J$10:$J$23=$L$10:$L$23)*($O$10:$O$23=BC$8)+($O$10:$O$23=$AH14)*($J$10:$J$23=$L$10:$L$23)*($G$10:$G$23=BC$8)))*100 +SUM(($G$10:$G$23=$AH14)*($J$10:$J$23)*($O$10:$O$23=BC$8)+($O$10:$O$23=$AH14)*($L$10:$L$23)*($G$10:$G$23=BC$8)) -SUM(($G$10:$G$23=$AH14)*($L$10:$L$23)*($O$10:$O$23=BC$8)+($O$10:$O$23=$AH14)*($J$10:$J$23)*($G$10:$G$23=BC$8)) +SUM(($G$10:$G$23=$AH14)*($J$10:$J$23)*($O$10:$O$23=BC$8)+($O$10:$O$23=$AH14)*($L$10:$L$23)*($G$10:$G$23=BC$8))/100} -> 0 | BD14: {=(SUM(($G$10:$G$23=$AH14)*($J$10:$J$23>$L$10:$L$23)*($O$10:$O$23=BD$8)+($O$10:$O$23=$AH14)*($J$10:$J$23<$L$10:$L$23)*($G$10:$G$23=BD$8)))*300+ (SUM(($G$10:$G$23=$AH14)*($J$10:$J$23=$L$10:$L$23)*($O$10:$O$23=BD$8)+($O$10:$O$23=$AH14)*($J$10:$J$23=$L$10:$L$23)*($G$10:$G$23=BD$8)))*100 +SUM(($G$10:$G$23=$AH14)*($J$10:$J$23)*($O$10:$O$23=BD$8)+($O$10:$O$23=$AH14)*($L$10:$L$23)*($G$10:$G$23=BD$8)) -SUM(($G$10:$G$23=$AH14)*($L$10:$L$23)*($O$10:$O$23=BD$8)+($O$10:$O$23=$AH14)*($J$10:$J$23)*($G$10:$G$23=BD$8)) +SUM(($G$10:$G$23=$AH14)*($J$10:$J$23)*($O$10:$O$23=BD$8)+($O$10:$O$23=$AH14)*($L$10:$L$23)*($G$10:$G$23=BD$8))/100} -> 301.02
B16: 23 | C16: =VLOOKUP(B16,Aux!M:AH,4,0) -> 45829 | D16: =VLOOKUP(B16,Aux!M:AH,4,0) -> 45829 | F16: =IFERROR(VLOOKUP(G16,Aux!$A:$X,8,0),"") -> #VALUE! | G16: =VLOOKUP(B16,Aux!M:Y,5,0) -> Los Angeles | H16: =IFERROR(VLOOKUP(G16,Aux!$A:$C,3,0),"") -> #VALUE! | J16: 2 | K16: - | L16: 1 | N16: =IFERROR(VLOOKUP(O16,Aux!$A:$C,3,0),"") -> #VALUE! | O16: =VLOOKUP(B16,Aux!M:Y,6,0) -> Espérance de Tunis | P16: =IFERROR(VLOOKUP(O16,Aux!$A:$X,8,0),"") -> #VALUE! | R16: =VLOOKUP(B16,Aux!M:Y,7,0) -> Geodis Park | T16: =INDEX($AH$10:$AH$17,MATCH(4,$AY$10:$AY$16,0)) -> Espérance de Tunis | U16: =IFERROR(VLOOKUP(T16,Aux!A:C,3,0),"") -> #VALUE! | W16: =VLOOKUP($T16,$AH$10:$AO$16,3,0) -> 0 | X16: =VLOOKUP($T16,$AH$10:$AO$16,4,0) -> 0 | Y16: =VLOOKUP($T16,$AH$10:$AO$16,5,0) -> 0 | Z16: =VLOOKUP($T16,$AH$10:$AO$16,6,0) -> 3 | AA16: =VLOOKUP($T16,$AH$10:$AO$16,7,0) -> 1 | AB16: =VLOOKUP($T16,$AH$10:$AO$16,8,0) -> 8 | AC16: =AA16-AB16 -> -7 | AG16: 4 | AH16: =VLOOKUP($AH$6&AG16,Aux!Z:AA,2,0) -> Los Angeles | AI16: =AK16+AL16+AM16 -> 3 | AJ16: =AK16*3+AL16 -> 3 | AK16: {=SUM(($G$10:$G$23=$AH16)*($J$10:$J$23>$L$10:$L$23)+($O$10:$O$23=$AH16)*($J$10:$J$23<$L$10:$L$23))} -> 1 | AL16: {=SUM(($G$10:$G$23=$AH16)*($J$10:$J$23=$L$10:$L$23)*($J$10:$J$23<>"")+($O$10:$O$23=$AH16)*($J$10:$J$23=$L$10:$L$23)*($J$10:$J$23<>""))} -> 0 | AM16: {=SUM(($G$10:$G$23=$AH16)*($J$10:$J$23<$L$10:$L$23)+($O$10:$O$23=$AH16)*($J$10:$J$23>$L$10:$L$23))} -> 2 | AN16: {=SUM(($G$10:$G$23=$AH16)*($J$10:$J$23)+($O$10:$O$23=$AH16)*($L$10:$L$23))} -> 4 | AO16: {=SUM(($G$10:$G$23=$AH16)*($L$10:$L$23)+($O$10:$O$23=$AH16)*($J$10:$J$23))} -> 5 | AP16: =AN16-AO16 -> -1 | AQ16: 0 | AR16: =+AW16+AV16+AU16 -> 3.000299 | AU16: =+AJ16 -> 3 | AV16: =SUMIFS($BA16:$BD16,$BA$6:$BD$6,AJ16)/1000 -> 0 | AW16: =SUMIFS($BA16:$BD16,$BA$5:$BD$5,AV16)/1000000 -> 0.00029904 | AX16: =_xlfn.RANK.EQ(AJ16,$AJ$10:$AJ$16)+_xlfn.RANK.EQ(AR16,$AR$10:$AR$16)/10+_xlfn.RANK.EQ(AP16,$AP$10:$AP$16)/1000+_xlfn.RANK.EQ(AN16,$AN$10:$AN$16)/100000+_xlfn.RANK.EQ(AQ16,$AQ$10:$AQ$16)/100000+ROW()/1000000 -> 3.303056 | AY16: =_xlfn.RANK.EQ(AX16,$AX$10:$AX$16,1) -> 3 | BA16: {=(SUM(($G$10:$G$23=$AH16)*($J$10:$J$23>$L$10:$L$23)*($O$10:$O$23=BA$8)+($O$10:$O$23=$AH16)*($J$10:$J$23<$L$10:$L$23)*($G$10:$G$23=BA$8)))*300+ (SUM(($G$10:$G$23=$AH16)*($J$10:$J$23=$L$10:$L$23)*($O$10:$O$23=BA$8)+($O$10:$O$23=$AH16)*($J$10:$J$23=$L$10:$L$23)*($G$10:$G$23=BA$8)))*100 +SUM(($G$10:$G$23=$AH16)*($J$10:$J$23)*($O$10:$O$23=BA$8)+($O$10:$O$23=$AH16)*($L$10:$L$23)*($G$10:$G$23=BA$8)) -SUM(($G$10:$G$23=$AH16)*($L$10:$L$23)*($O$10:$O$23=BA$8)+($O$10:$O$23=$AH16)*($J$10:$J$23)*($G$10:$G$23=BA$8)) +SUM(($G$10:$G$23=$AH16)*($J$10:$J$23)*($O$10:$O$23=BA$8)+($O$10:$O$23=$AH16)*($L$10:$L$23)*($G$10:$G$23=BA$8))/100} -> -0.99 | BB16: {=(SUM(($G$10:$G$23=$AH16)*($J$10:$J$23>$L$10:$L$23)*($O$10:$O$23=BB$8)+($O$10:$O$23=$AH16)*($J$10:$J$23<$L$10:$L$23)*($G$10:$G$23=BB$8)))*300+ (SUM(($G$10:$G$23=$AH16)*($J$10:$J$23=$L$10:$L$23)*($O$10:$O$23=BB$8)+($O$10:$O$23=$AH16)*($J$10:$J$23=$L$10:$L$23)*($G$10:$G$23=BB$8)))*100 +SUM(($G$10:$G$23=$AH16)*($J$10:$J$23)*($O$10:$O$23=BB$8)+($O$10:$O$23=$AH16)*($L$10:$L$23)*($G$10:$G$23=BB$8)) -SUM(($G$10:$G$23=$AH16)*($L$10:$L$23)*($O$10:$O$23=BB$8)+($O$10:$O$23=$AH16)*($J$10:$J$23)*($G$10:$G$23=BB$8)) +SUM(($G$10:$G$23=$AH16)*($J$10:$J$23)*($O$10:$O$23=BB$8)+($O$10:$O$23=$AH16)*($L$10:$L$23)*($G$10:$G$23=BB$8))/100} -> 301.02 | BC16: {=(SUM(($G$10:$G$23=$AH16)*($J$10:$J$23>$L$10:$L$23)*($O$10:$O$23=BC$8)+($O$10:$O$23=$AH16)*($J$10:$J$23<$L$10:$L$23)*($G$10:$G$23=BC$8)))*300+ (SUM(($G$10:$G$23=$AH16)*($J$10:$J$23=$L$10:$L$23)*($O$10:$O$23=BC$8)+($O$10:$O$23=$AH16)*($J$10:$J$23=$L$10:$L$23)*($G$10:$G$23=BC$8)))*100 +SUM(($G$10:$G$23=$AH16)*($J$10:$J$23)*($O$10:$O$23=BC$8)+($O$10:$O$23=$AH16)*($L$10:$L$23)*($G$10:$G$23=BC$8)) -SUM(($G$10:$G$23=$AH16)*($L$10:$L$23)*($O$10:$O$23=BC$8)+($O$10:$O$23=$AH16)*($J$10:$J$23)*($G$10:$G$23=BC$8)) +SUM(($G$10:$G$23=$AH16)*($J$10:$J$23)*($O$10:$O$23=BC$8)+($O$10:$O$23=$AH16)*($L$10:$L$23)*($G$10:$G$23=BC$8))/100} -> -0.99 | BD16: {=(SUM(($G$10:$G$23=$AH16)*($J$10:$J$23>$L$10:$L$23)*($O$10:$O$23=BD$8)+($O$10:$O$23=$AH16)*($J$10:$J$23<$L$10:$L$23)*($G$10:$G$23=BD$8)))*300+ (SUM(($G$10:$G$23=$AH16)*($J$10:$J$23=$L$10:$L$23)*($O$10:$O$23=BD$8)+($O$10:$O$23=$AH16)*($J$10:$J$23=$L$10:$L$23)*($G$10:$G$23=BD$8)))*100 +SUM(($G$10:$G$23=$AH16)*($J$10:$J$23)*($O$10:$O$23=BD$8)+($O$10:$O$23=$AH16)*($L$10:$L$23)*($G$10:$G$23=BD$8)) -SUM(($G$10:$G$23=$AH16)*($L$10:$L$23)*($O$10:$O$23=BD$8)+($O$10:$O$23=$AH16)*($J$10:$J$23)*($G$10:$G$23=BD$8)) +SUM(($G$10:$G$23=$AH16)*($J$10:$J$23)*($O$10:$O$23=BD$8)+($O$10:$O$23=$AH16)*($L$10:$L$23)*($G$10:$G$23=BD$8))/100} -> 0
B18: 39 | C18: =VLOOKUP(B18,Aux!M:AH,4,0) -> 45833.125 | D18: =VLOOKUP(B18,Aux!M:AH,4,0) -> 45833.125 | F18: =IFERROR(VLOOKUP(G18,Aux!$A:$X,8,0),"") -> #VALUE! | G18: =VLOOKUP(B18,Aux!M:Y,5,0) -> Los Angeles | H18: =IFERROR(VLOOKUP(G18,Aux!$A:$C,3,0),"") -> #VALUE! | J18: 1 | K18: - | L18: 2 | N18: =IFERROR(VLOOKUP(O18,Aux!$A:$C,3,0),"") -> #VALUE! | O18: =VLOOKUP(B18,Aux!M:Y,6,0) -> Flamengo | P18: =IFERROR(VLOOKUP(O18,Aux!$A:$X,8,0),"") -> #VALUE! | R18: =VLOOKUP(B18,Aux!M:Y,7,0) -> Camping World Stadium
B20: 40 | C20: =VLOOKUP(B20,Aux!M:AH,4,0) -> 45833.125 | D20: =VLOOKUP(B20,Aux!M:AH,4,0) -> 45833.125 | F20: =IFERROR(VLOOKUP(G20,Aux!$A:$X,8,0),"") -> #VALUE! | G20: =VLOOKUP(B20,Aux!M:Y,5,0) -> Espérance de Tunis | H20: =IFERROR(VLOOKUP(G20,Aux!$A:$C,3,0),"") -> #VALUE! | J20: 0 | K20: - | L20: 3 | N20: =IFERROR(VLOOKUP(O20,Aux!$A:$C,3,0),"") -> #VALUE! | O20: =VLOOKUP(B20,Aux!M:Y,6,0) -> Chelsea | P20: =IFERROR(VLOOKUP(O20,Aux!$A:$X,8,0),"") -> #VALUE! | R20: =VLOOKUP(B20,Aux!M:Y,7,0) -> Lincoln Financial Field
W21: Aprendiz de Excel
W23: Vídeo YouTube

Sheet E
A1: Aprendiz de Excel - Mundial de Clubes 2025
AY5: 2º | BA5: =VLOOKUP(BA8,$AH$10:$AW$16,15,0) -> 0 | BB5: =VLOOKUP(BB8,$AH$10:$AW$16,15,0) -> 0 | BC5: =VLOOKUP(BC8,$AH$10:$AW$16,15,0) -> 0 | BD5: =VLOOKUP(BD8,$AH$10:$AW$16,15,0) -> 0
AH6: E | AY6: 1º | BA6: =VLOOKUP(BA8,$AH$10:$AW$16,14,0) -> 7 | BB6: =VLOOKUP(BB8,$AH$10:$AW$16,14,0) -> 0 | BC6: =VLOOKUP(BC8,$AH$10:$AW$16,14,0) -> 4 | BD6: =VLOOKUP(BD8,$AH$10:$AW$16,14,0) -> 5
B7: # | C7: Fechas | D7: Horas | E7: PARTIDOS | R7: Estadios | T7: POSICIONES
W8: Pts. | X8: Gan. | Y8: Emp. | Z8: Per. | AA8: GF | AB8: GC | AC8: Dif. | AH8: País | AI8: J | AJ8: Pts. | AK8: Gan. | AL8: Emp. | AM8: Per. | AN8: GF | AO8: GC | AP8: DG | AQ8: JL | AR8: ED | AU8: 1º Criterio | AV8: 2º Criterio | AW8: 3º Criterio | BA8: =AH10 -> River Plate | BB8: =AH12 -> Urawa Red Diamonds | BC8: =AH14 -> Monterrey | BD8: =AH16 -> Inter de Milán
B9: {=_xlfn.REDUCE("",_xlfn.TAKE(_xlfn._xlws.FILTER(Aux!M:T,Aux!T:T=AH6),,1),_xlfn.LAMBDA(_xlpm.t,_xlpm.p,_xlfn.VSTACK(_xlpm.t,_xlpm.p,"")))}
B10: 10 | C10: =VLOOKUP(B10,Aux!M:AH,4,0) -> 45825.875 | D10: =VLOOKUP(B10,Aux!M:AH,4,0) -> 45825.875 | F10: =IFERROR(VLOOKUP(G10,Aux!$A:$X,8,0),"") -> #VALUE! | G10: =VLOOKUP(B10,Aux!M:Y,5,0) -> River Plate | H10: =IFERROR(VLOOKUP(G10,Aux!$A:$C,3,0),"") -> #VALUE! | J10: 3 | K10: - | L10: 0 | N10: =IFERROR(VLOOKUP(O10,Aux!$A:$C,3,0),"") -> #VALUE! | O10: =VLOOKUP(B10,Aux!M:Y,6,0) -> Urawa Red Diamonds | P10: =IFERROR(VLOOKUP(O10,Aux!$A:$X,8,0),"") -> #VALUE! | R10: =VLOOKUP(B10,Aux!M:Y,7,0) -> Lumen Field | T10: =INDEX($AH$10:$AH$17,MATCH(1,$AY$10:$AY$16,0)) -> River Plate | U10: =IFERROR(VLOOKUP(T10,Aux!A:C,3,0),"") -> #VALUE! | W10: =VLOOKUP($T10,$AH$10:$AO$16,3,0) -> 7 | X10: =VLOOKUP($T10,$AH$10:$AO$16,4,0) -> 2 | Y10: =VLOOKUP($T10,$AH$10:$AO$16,5,0) -> 1 | Z10: =VLOOKUP($T10,$AH$10:$AO$16,6,0) -> 0 | AA10: =VLOOKUP($T10,$AH$10:$AO$16,7,0) -> 5 | AB10: =VLOOKUP($T10,$AH$10:$AO$16,8,0) -> 1 | AC10: =AA10-AB10 -> 4 | AG10: 1 | AH10: =VLOOKUP($AH$6&AG10,Aux!Z:AA,2,0) -> River Plate | AI10: =AK10+AL10+AM10 -> 3 | AJ10: =AK10*3+AL10 -> 7 | AK10: {=SUM(($G$10:$G$23=$AH10)*($J$10:$J$23>$L$10:$L$23)+($O$10:$O$23=$AH10)*($J$10:$J$23<$L$10:$L$23))} -> 2 | AL10: {=SUM(($G$10:$G$23=$AH10)*($J$10:$J$23=$L$10:$L$23)*($J$10:$J$23<>"")+($O$10:$O$23=$AH10)*($J$10:$J$23=$L$10:$L$23)*($J$10:$J$23<>""))} -> 1 | AM10: {=SUM(($G$10:$G$23=$AH10)*($J$10:$J$23<$L$10:$L$23)+($O$10:$O$23=$AH10)*($J$10:$J$23>$L$10:$L$23))} -> 0 | AN10: {=SUM(($G$10:$G$23=$AH10)*($J$10:$J$23)+($O$10:$O$23=$AH10)*($L$10:$L$23))} -> 5 | AO10: {=SUM(($G$10:$G$23=$AH10)*($L$10:$L$23)+($O$10:$O$23=$AH10)*($J$10:$J$23))} -> 1 | AP10: =AN10-AO10 -> 4 | AQ10: 0 | AR10: =+AW10+AV10+AU10 -> 7.0007041 | AU10: =+AJ10 -> 7 | AV10: =SUMIFS($BA10:$BD10,$BA$6:$BD$6,AJ10)/1000 -> 0 | AW10: =SUMIFS($BA10:$BD10,$BA$5:$BD$5,AV10)/1000000 -> 0.00070405 | AX10: =_xlfn.RANK.EQ(AJ10,$AJ$10:$AJ$16)+_xlfn.RANK.EQ(AR10,$AR$10:$AR$16)/10+_xlfn.RANK.EQ(AP10,$AP$10:$AP$16)/1000+_xlfn.RANK.EQ(AN10,$AN$10:$AN$16)/100000+_xlfn.RANK.EQ(AQ10,$AQ$10:$AQ$16)/100000+ROW()/1000000 -> 1.10103 | AY10: =_xlfn.RANK.EQ(AX10,$AX$10:$AX$16,1) -> 1 | BA10: {=(SUM(($G$10:$G$23=$AH10)*($J$10:$J$23>$L$10:$L$23)*($O$10:$O$23=BA$8)+($O$10:$O$23=$AH10)*($J$10:$J$23<$L$10:$L$23)*($G$10:$G$23=BA$8)))*300+ (SUM(($G$10:$G$23=$AH10)*($J$10:$J$23=$L$10:$L$23)*($O$10:$O$23=BA$8)+($O$10:$O$23=$AH10)*($J$10:$J$23=$L$10:$L$23)*($G$10:$G$23=BA$8)))*100 +SUM(($G$10:$G$23=$AH10)*($J$10:$J$23)*($O$10:$O$23=BA$8)+($O$10:$O$23=$AH10)*($L$10:$L$23)*($G$10:$G$23=BA$8)) -SUM(($G$10:$G$23=$AH10)*($L$10:$L$23)*($O$10:$O$23=BA$8)+($O$10:$O$23=$AH10)*($J$10:$J$23)*($G$10:$G$23=BA$8)) +SUM(($G$10:$G$23=$AH10)*($J$10:$J$23)*($O$10:$O$23=BA$8)+($O$10:$O$23=$AH10)*($L$10:$L$23)*($G$10:$G$23=BA$8))/100} -> 0 | BB10: {=(SUM(($G$10:$G$23=$AH10)*($J$10:$J$23>$L$10:$L$23)*($O$10:$O$23=BB$8)+($O$10:$O$23=$AH10)*($J$10:$J$23<$L$10:$L$23)*($G$10:$G$23=BB$8)))*300+ (SUM(($G$10:$G$23=$AH10)*($J$10:$J$23=$L$10:$L$23)*($O$10:$O$23=BB$8)+($O$10:$O$23=$AH10)*($J$10:$J$23=$L$10:$L$23)*($G$10:$G$23=BB$8)))*100 +SUM(($G$10:$G$23=$AH10)*($J$10:$J$23)*($O$10:$O$23=BB$8)+($O$10:$O$23=$AH10)*($L$10:$L$23)*($G$10:$G$23=BB$8)) -SUM(($G$10:$G$23=$AH10)*($L$10:$L$23)*($O$10:$O$23=BB$8)+($O$10:$O$23=$AH10)*($J$10:$J$23)*($G$10:$G$23=BB$8)) +SUM(($G$10:$G$23=$AH10)*($J$10:$J$23)*($O$10:$O$23=BB$8)+($O$10:$O$23=$AH10)*($L$10:$L$23)*($G$10:$G$23=BB$8))/100} -> 303.03 | BC10: {=(SUM(($G$10:$G$23=$AH10)*($J$10:$J$23>$L$10:$L$23)*($O$10:$O$23=BC$8)+($O$10:$O$23=$AH10)*($J$10:$J$23<$L$10:$L$23)*($G$10:$G$23=BC$8)))*300+ (SUM(($G$10:$G$23=$AH10)*($J$10:$J$23=$L$10:$L$23)*($O$10:$O$23=BC$8)+($O$10:$O$23=$AH10)*($J$10:$J$23=$L$10:$L$23)*($G$10:$G$23=BC$8)))*100 +SUM(($G$10:$G$23=$AH10)*($J$10:$J$23)*($O$10:$O$23=BC$8)+($O$10:$O$23=$AH10)*($L$10:$L$23)*($G$10:$G$23=BC$8)) -SUM(($G$10:$G$23=$AH10)*($L$10:$L$23)*($O$10:$O$23=BC$8)+($O$10:$O$23=$AH10)*($J$10:$J$23)*($G$10:$G$23=BC$8)) +SUM(($G$10:$G$23=$AH10)*($J$10:$J$23)*($O$10:$O$23=BC$8)+($O$10:$O$23=$AH10)*($L$10:$L$23)*($G$10:$G$23=BC$8))/100} -> 301.01 | BD10: {=(SUM(($G$10:$G$23=$AH10)*($J$10:$J$23>$L$10:$L$23)*($O$10:$O$23=BD$8)+($O$10:$O$23=$AH10)*($J$10:$J$23<$L$10:$L$23)*($G$10:$G$23=BD$8)))*300+ (SUM(($G$10:$G$23=$AH10)*($J$10:$J$23=$L$10:$L$23)*($O$10:$O$23=BD$8)+($O$10:$O$23=$AH10)*($J$10:$J$23=$L$10:$L$23)*($G$10:$G$23=BD$8)))*100 +SUM(($G$10:$G$23=$AH10)*($J$10:$J$23)*($O$10:$O$23=BD$8)+($O$10:$O$23=$AH10)*($L$10:$L$23)*($G$10:$G$23=BD$8)) -SUM(($G$10:$G$23=$AH10)*($L$10:$L$23)*($O$10:$O$23=BD$8)+($O$10:$O$23=$AH10)*($J$10:$J$23)*($G$10:$G$23=BD$8)) +SUM(($G$10:$G$23=$AH10)*($J$10:$J$23)*($O$10:$O$23=BD$8)+($O$10:$O$23=$AH10)*($L$10:$L$23)*($G$10:$G$23=BD$8))/100} -> 100.01
B12: 12 | C12: =VLOOKUP(B12,Aux!M:AH,4,0) -> 45826.125 | D12: =VLOOKUP(B12,Aux!M:AH,4,0) -> 45826.125 | F12: =IFERROR(VLOOKUP(G12,Aux!$A:$X,8,0),"") -> #VALUE! | G12: =VLOOKUP(B12,Aux!M:Y,5,0) -> Monterrey | H12: =IFERROR(VLOOKUP(G12,Aux!$A:$C,3,0),"") -> #VALUE! | J12: 1 | K12: - | L12: 1 | N12: =IFERROR(VLOOKUP(O12,Aux!$A:$C,3,0),"") -> #VALUE! | O12: =VLOOKUP(B12,Aux!M:Y,6,0) -> Inter de Milán | P12: =IFERROR(VLOOKUP(O12,Aux!$A:$X,8,0),"") -> #VALUE! | R12: =VLOOKUP(B12,Aux!M:Y,7,0) -> Rose Bowl | T12: =INDEX($AH$10:$AH$17,MATCH(2,$AY$10:$AY$16,0)) -> Inter de Milán | U12: =IFERROR(VLOOKUP(T12,Aux!A:C,3,0),"") -> #VALUE! | W12: =VLOOKUP($T12,$AH$10:$AO$16,3,0) -> 5 | X12: =VLOOKUP($T12,$AH$10:$AO$16,4,0) -> 1 | Y12: =VLOOKUP($T12,$AH$10:$AO$16,5,0) -> 2 | Z12: =VLOOKUP($T12,$AH$10:$AO$16,6,0) -> 0 | AA12: =VLOOKUP($T12,$AH$10:$AO$16,7,0) -> 4 | AB12: =VLOOKUP($T12,$AH$10:$AO$16,8,0) -> 2 | AC12: =AA12-AB12 -> 2 | AG12: 2 | AH12: =VLOOKUP($AH$6&AG12,Aux!Z:AA,2,0) -> Urawa Red Diamonds | AI12: =AK12+AL12+AM12 -> 3 | AJ12: =AK12*3+AL12 -> 0 | AK12: {=SUM(($G$10:$G$23=$AH12)*($J$10:$J$23>$L$10:$L$23)+($O$10:$O$23=$AH12)*($J$10:$J$23<$L$10:$L$23))} -> 0 | AL12: {=SUM(($G$10:$G$23=$AH12)*($J$10:$J$23=$L$10:$L$23)*($J$10:$J$23<>"")+($O$10:$O$23=$AH12)*($J$10:$J$23=$L$10:$L$23)*($J$10:$J$23<>""))} -> 0 | AM12: {=SUM(($G$10:$G$23=$AH12)*($J$10:$J$23<$L$10:$L$23)+($O$10:$O$23=$AH12)*($J$10:$J$23>$L$10:$L$23))} -> 3 | AN12: {=SUM(($G$10:$G$23=$AH12)*($J$10:$J$23)+($O$10:$O$23=$AH12)*($L$10:$L$23))} -> 0 | AO12: {=SUM(($G$10:$G$23=$AH12)*($L$10:$L$23)+($O$10:$O$23=$AH12)*($J$10:$J$23))} -> 6 | AP12: =AN12-AO12 -> -6 | AQ12: 0 | AR12: =+AW12+AV12+AU12 -> -6e-06 | AU12: =+AJ12 -> 0 | AV12: =SUMIFS($BA12:$BD12,$BA$6:$BD$6,AJ12)/1000 -> 0 | AW12: =SUMIFS($BA12:$BD12,$BA$5:$BD$5,AV12)/1000000 -> -6e-06 | AX12: =_xlfn.RANK.EQ(AJ12,$AJ$10:$AJ$16)+_xlfn.RANK.EQ(AR12,$AR$10:$AR$16)/10+_xlfn.RANK.EQ(AP12,$AP$10:$AP$16)/1000+_xlfn.RANK.EQ(AN12,$AN$10:$AN$16)/100000+_xlfn.RANK.EQ(AQ12,$AQ$10:$AQ$16)/100000+ROW()/1000000 -> 4.404062 | AY12: =_xlfn.RANK.EQ(AX12,$AX$10:$AX$16,1) -> 4 | BA12: {=(SUM(($G$10:$G$23=$AH12)*($J$10:$J$23>$L$10:$L$23)*($O$10:$O$23=BA$8)+($O$10:$O$23=$AH12)*($J$10:$J$23<$L$10:$L$23)*($G$10:$G$23=BA$8)))*300+ (SUM(($G$10:$G$23=$AH12)*($J$10:$J$23=$L$10:$L$23)*($O$10:$O$23=BA$8)+($O$10:$O$23=$AH12)*($J$10:$J$23=$L$10:$L$23)*($G$10:$G$23=BA$8)))*100 +SUM(($G$10:$G$23=$AH12)*($J$10:$J$23)*($O$10:$O$23=BA$8)+($O$10:$O$23=$AH12)*($L$10:$L$23)*($G$10:$G$23=BA$8)) -SUM(($G$10:$G$23=$AH12)*($L$10:$L$23)*($O$10:$O$23=BA$8)+($O$10:$O$23=$AH12)*($J$10:$J$23)*($G$10:$G$23=BA$8)) +SUM(($G$10:$G$23=$AH12)*($J$10:$J$23)*($O$10:$O$23=BA$8)+($O$10:$O$23=$AH12)*($L$10:$L$23)*($G$10:$G$23=BA$8))/100} -> -3 | BB12: {=(SUM(($G$10:$G$23=$AH12)*($J$10:$J$23>$L$10:$L$23)*($O$10:$O$23=BB$8)+($O$10:$O$23=$AH12)*($J$10:$J$23<$L$10:$L$23)*($G$10:$G$23=BB$8)))*300+ (SUM(($G$10:$G$23=$AH12)*($J$10:$J$23=$L$10:$L$23)*($O$10:$O$23=BB$8)+($O$10:$O$23=$AH12)*($J$10:$J$23=$L$10:$L$23)*($G$10:$G$23=BB$8)))*100 +SUM(($G$10:$G$23=$AH12)*($J$10:$J$23)*($O$10:$O$23=BB$8)+($O$10:$O$23=$AH12)*($L$10:$L$23)*($G$10:$G$23=BB$8)) -SUM(($G$10:$G$23=$AH12)*($L$10:$L$23)*($O$10:$O$23=BB$8)+($O$10:$O$23=$AH12)*($J$10:$J$23)*($G$10:$G$23=BB$8)) +SUM(($G$10:$G$23=$AH12)*($J$10:$J$23)*($O$10:$O$23=BB$8)+($O$10:$O$23=$AH12)*($L$10:$L$23)*($G$10:$G$23=BB$8))/100} -> 0 | BC12: {=(SUM(($G$10:$G$23=$AH12)*($J$10:$J$23>$L$10:$L$23)*($O$10:$O$23=BC$8)+($O$10:$O$23=$AH12)*($J$10:$J$23<$L$10:$L$23)*($G$10:$G$23=BC$8)))*300+ (SUM(($G$10:$G$23=$AH12)*($J$10:$J$23=$L$10:$L$23)*($O$10:$O$23=BC$8)+($O$10:$O$23=$AH12)*($J$10:$J$23=$L$10:$L$23)*($G$10:$G$23=BC$8)))*100 +SUM(($G$10:$G$23=$AH12)*($J$10:$J$23)*($O$10:$O$23=BC$8)+($O$10:$O$23=$AH12)*($L$10:$L$23)*($G$10:$G$23=BC$8)) -SUM(($G$10:$G$23=$AH12)*($L$10:$L$23)*($O$10:$O$23=BC$8)+($O$10:$O$23=$AH12)*($J$10:$J$23)*($G$10:$G$23=BC$8)) +SUM(($G$10:$G$23=$AH12)*($J$10:$J$23)*($O$10:$O$23=BC$8)+($O$10:$O$23=$AH12)*($L$10:$L$23)*($G$10:$G$23=BC$8))/100} -> -1 | BD12: {=(SUM(($G$10:$G$23=$AH12)*($J$10:$J$23>$L$10:$L$23)*($O$10:$O$23=BD$8)+($O$10:$O$23=$AH12)*($J$10:$J$23<$L$10:$L$23)*($G$10:$G$23=BD$8)))*300+ (SUM(($G$10:$G$23=$AH12)*($J$10:$J$23=$L$10:$L$23)*($O$10:$O$23=BD$8)+($O$10:$O$23=$AH12)*($J$10:$J$23=$L$10:$L$23)*($G$10:$G$23=BD$8)))*100 +SUM(($G$10:$G$23=$AH12)*($J$10:$J$23)*($O$10:$O$23=BD$8)+($O$10:$O$23=$AH12)*($L$10:$L$23)*($G$10:$G$23=BD$8)) -SUM(($G$10:$G$23=$AH12)*($L$10:$L$23)*($O$10:$O$23=BD$8)+($O$10:$O$23=$AH12)*($J$10:$J$23)*($G$10:$G$23=BD$8)) +SUM(($G$10:$G$23=$AH12)*($J$10:$J$23)*($O$10:$O$23=BD$8)+($O$10:$O$23=$AH12)*($L$10:$L$23)*($G$10:$G$23=BD$8))/100} -> -2
B14: 26 | C14: =VLOOKUP(B14,Aux!M:AH,4,0) -> 45829.875 | D14: =VLOOKUP(B14,Aux!M:AH,4,0) -> 45829.875 | F14: =IFERROR(VLOOKUP(G14,Aux!$A:$X,8,0),"") -> #VALUE! | G14: =VLOOKUP(B14,Aux!M:Y,5,0) -> Inter de Milán | H14: =IFERROR(VLOOKUP(G14,Aux!$A:$C,3,0),"") -> #VALUE! | J14: 2 | K14: - | L14: 0 | N14: =IFERROR(VLOOKUP(O14,Aux!$A:$C,3,0),"") -> #VALUE! | O14: =VLOOKUP(B14,Aux!M:Y,6,0) -> Urawa Red Diamonds | P14: =IFERROR(VLOOKUP(O14,Aux!$A:$X,8,0),"") -> #VALUE! | R14: =VLOOKUP(B14,Aux!M:Y,7,0) -> Lumen Field | T14: =INDEX($AH$10:$AH$17,MATCH(3,$AY$10:$AY$16,0)) -> Monterrey | U14: =IFERROR(VLOOKUP(T14,Aux!A:C,3,0),"") -> #VALUE! | W14: =VLOOKUP($T14,$AH$10:$AO$16,3,0) -> 4 | X14: =VLOOKUP($T14,$AH$10:$AO$16,4,0) -> 1 | Y14: =VLOOKUP($T14,$AH$10:$AO$16,5,0) -> 1 | Z14: =VLOOKUP($T14,$AH$10:$AO$16,6,0) -> 1 | AA14: =VLOOKUP($T14,$AH$10:$AO$16,7,0) -> 2 | AB14: =VLOOKUP($T14,$AH$10:$AO$16,8,0) -> 2 | AC14: =AA14-AB14 -> 0 | AG14: 3 | AH14: =VLOOKUP($AH$6&AG14,Aux!Z:AA,2,0) -> Monterrey | AI14: =AK14+AL14+AM14 -> 3 | AJ14: =AK14*3+AL14 -> 4 | AK14: {=SUM(($G$10:$G$23=$AH14)*($J$10:$J$23>$L$10:$L$23)+($O$10:$O$23=$AH14)*($J$10:$J$23<$L$10:$L$23))} -> 1 | AL14: {=SUM(($G$10:$G$23=$AH14)*($J$10:$J$23=$L$10:$L$23)*($J$10:$J$23<>"")+($O$10:$O$23=$AH14)*($J$10:$J$23=$L$10:$L$23)*($J$10:$J$23<>""))} -> 1 | AM14: {=SUM(($G$10:$G$23=$AH14)*($J$10:$J$23<$L$10:$L$23)+($O$10:$O$23=$AH14)*($J$10:$J$23>$L$10:$L$23))} -> 1 | AN14: {=SUM(($G$10:$G$23=$AH14)*($J$10:$J$23)+($O$10:$O$23=$AH14)*($L$10:$L$23))} -> 2 | AO14: {=SUM(($G$10:$G$23=$AH14)*($L$10:$L$23)+($O$10:$O$23=$AH14)*($J$10:$J$23))} -> 2 | AP14: =AN14-AO14 -> 0 | AQ14: 0 | AR14: =+AW14+AV14+AU14 -> 4.0004 | AU14: =+AJ14 -> 4 | AV14: =SUMIFS($BA14:$BD14,$BA$6:$BD$6,AJ14)/1000 -> 0 | AW14: =SUMIFS($BA14:$BD14,$BA$5:$BD$5,AV14)/1000000 -> 0.00040002 | AX14: =_xlfn.RANK.EQ(AJ14,$AJ$10:$AJ$16)+_xlfn.RANK.EQ(AR14,$AR$10:$AR$16)/10+_xlfn.RANK.EQ(AP14,$AP$10:$AP$16)/1000+_xlfn.RANK.EQ(AN14,$AN$10:$AN$16)/100000+_xlfn.RANK.EQ(AQ14,$AQ$10:$AQ$16)/100000+ROW()/1000000 -> 3.303054 | AY14: =_xlfn.RANK.EQ(AX14,$AX$10:$AX$16,1) -> 3 | BA14: {=(SUM(($G$10:$G$23=$AH14)*($J$10:$J$23>$L$10:$L$23)*($O$10:$O$23=BA$8)+($O$10:$O$23=$AH14)*($J$10:$J$23<$L$10:$L$23)*($G$10:$G$23=BA$8)))*300+ (SUM(($G$10:$G$23=$AH14)*($J$10:$J$23=$L$10:$L$23)*($O$10:$O$23=BA$8)+($O$10:$O$23=$AH14)*($J$10:$J$23=$L$10:$L$23)*($G$10:$G$23=BA$8)))*100 +SUM(($G$10:$G$23=$AH14)*($J$10:$J$23)*($O$10:$O$23=BA$8)+($O$10:$O$23=$AH14)*($L$10:$L$23)*($G$10:$G$23=BA$8)) -SUM(($G$10:$G$23=$AH14)*($L$10:$L$23)*($O$10:$O$23=BA$8)+($O$10:$O$23=$AH14)*($J$10:$J$23)*($G$10:$G$23=BA$8)) +SUM(($G$10:$G$23=$AH14)*($J$10:$J$23)*($O$10:$O$23=BA$8)+($O$10:$O$23=$AH14)*($L$10:$L$23)*($G$10:$G$23=BA$8))/100} -> -1 | BB14: {=(SUM(($G$10:$G$23=$AH14)*($J$10:$J$23>$L$10:$L$23)*($O$10:$O$23=BB$8)+($O$10:$O$23=$AH14)*($J$10:$J$23<$L$10:$L$23)*($G$10:$G$23=BB$8)))*300+ (SUM(($G$10:$G$23=$AH14)*($J$10:$J$23=$L$10:$L$23)*($O$10:$O$23=BB$8)+($O$10:$O$23=$AH14)*($J$10:$J$23=$L$10:$L$23)*($G$10:$G$23=BB$8)))*100 +SUM(($G$10:$G$23=$AH14)*($J$10:$J$23)*($O$10:$O$23=BB$8)+($O$10:$O$23=$AH14)*($L$10:$L$23)*($G$10:$G$23=BB$8)) -SUM(($G$10:$G$23=$AH14)*($L$10:$L$23)*($O$10:$O$23=BB$8)+($O$10:$O$23=$AH14)*($J$10:$J$23)*($G$10:$G$23=BB$8)) +SUM(($G$10:$G$23=$AH14)*($J$10:$J$23)*($O$10:$O$23=BB$8)+($O$10:$O$23=$AH14)*($L$10:$L$23)*($G$10:$G$23=BB$8))/100} -> 301.01 | BC14: {=(SUM(($G$10:$G$23=$AH14)*($J$10:$J$23>$L$10:$L$23)*($O$10:$O$23=BC$8)+($O$10:$O$23=$AH14)*($J$10:$J$23<$L$10:$L$23)*($G$10:$G$23=BC$8)))*300+ (SUM(($G$10:$G$23=$AH14)*($J$10:$J$23=$L$10:$L$23)*($O$10:$O$23=BC$8)+($O$10:$O$23=$AH14)*($J$10:$J$23=$L$10:$L$23)*($G$10:$G$23=BC$8)))*100 +SUM(($G$10:$G$23=$AH14)*($J$10:$J$23)*($O$10:$O$23=BC$8)+($O$10:$O$23=$AH14)*($L$10:$L$23)*($G$10:$G$23=BC$8)) -SUM(($G$10:$G$23=$AH14)*($L$10:$L$23)*($O$10:$O$23=BC$8)+($O$10:$O$23=$AH14)*($J$10:$J$23)*($G$10:$G$23=BC$8)) +SUM(($G$10:$G$23=$AH14)*($J$10:$J$23)*($O$10:$O$23=BC$8)+($O$10:$O$23=$AH14)*($L$10:$L$23)*($G$10:$G$23=BC$8))/100} -> 0 | BD14: {=(SUM(($G$10:$G$23=$AH14)*($J$10:$J$23>$L$10:$L$23)*($O$10:$O$23=BD$8)+($O$10:$O$23=$AH14)*($J$10:$J$23<$L$10:$L$23)*($G$10:$G$23=BD$8)))*300+ (SUM(($G$10:$G$23=$AH14)*($J$10:$J$23=$L$10:$L$23)*($O$10:$O$23=BD$8)+($O$10:$O$23=$AH14)*($J$10:$J$23=$L$10:$L$23)*($G$10:$G$23=BD$8)))*100 +SUM(($G$10:$G$23=$AH14)*($J$10:$J$23)*($O$10:$O$23=BD$8)+($O$10:$O$23=$AH14)*($L$10:$L$23)*($G$10:$G$23=BD$8)) -SUM(($G$10:$G$23=$AH14)*($L$10:$L$23)*($O$10:$O$23=BD$8)+($O$10:$O$23=$AH14)*($J$10:$J$23)*($G$10:$G$23=BD$8)) +SUM(($G$10:$G$23=$AH14)*($J$10:$J$23)*($O$10:$O$23=BD$8)+($O$10:$O$23=$AH14)*($L$10:$L$23)*($G$10:$G$23=BD$8))/100} -> 100.01
B16: 28 | C16: =VLOOKUP(B16,Aux!M:AH,4,0) -> 45830.125 | D16: =VLOOKUP(B16,Aux!M:AH,4,0) -> 45830.125 | F16: =IFERROR(VLOOKUP(G16,Aux!$A:$X,8,0),"") -> #VALUE! | G16: =VLOOKUP(B16,Aux!M:Y,5,0) -> River Plate | H16: =IFERROR(VLOOKUP(G16,Aux!$A:$C,3,0),"") -> #VALUE! | J16: 1 | K16: - | L16: 0 | N16: =IFERROR(VLOOKUP(O16,Aux!$A:$C,3,0),"") -> #VALUE! | O16: =VLOOKUP(B16,Aux!M:Y,6,0) -> Monterrey | P16: =IFERROR(VLOOKUP(O16,Aux!$A:$X,8,0),"") -> #VALUE! | R16: =VLOOKUP(B16,Aux!M:Y,7,0) -> Rose Bowl | T16: =INDEX($AH$10:$AH$17,MATCH(4,$AY$10:$AY$16,0)) -> Urawa Red Diamonds | U16: =IFERROR(VLOOKUP(T16,Aux!A:C,3,0),"") -> #VALUE! | W16: =VLOOKUP($T16,$AH$10:$AO$16,3,0) -> 0 | X16: =VLOOKUP($T16,$AH$10:$AO$16,4,0) -> 0 | Y16: =VLOOKUP($T16,$AH$10:$AO$16,5,0) -> 0 | Z16: =VLOOKUP($T16,$AH$10:$AO$16,6,0) -> 3 | AA16: =VLOOKUP($T16,$AH$10:$AO$16,7,0) -> 0 | AB16: =VLOOKUP($T16,$AH$10:$AO$16,8,0) -> 6 | AC16: =AA16-AB16 -> -6 | AG16: 4 | AH16: =VLOOKUP($AH$6&AG16,Aux!Z:AA,2,0) -> Inter de Milán | AI16: =AK16+AL16+AM16 -> 3 | AJ16: =AK16*3+AL16 -> 5 | AK16: {=SUM(($G$10:$G$23=$AH16)*($J$10:$J$23>$L$10:$L$23)+($O$10:$O$23=$AH16)*($J$10:$J$23<$L$10:$L$23))} -> 1 | AL16: {=SUM(($G$10:$G$23=$AH16)*($J$10:$J$23=$L$10:$L$23)*($J$10:$J$23<>"")+($O$10:$O$23=$AH16)*($J$10:$J$23=$L$10:$L$23)*($J$10:$J$23<>""))} -> 2 | AM16: {=SUM(($G$10:$G$23=$AH16)*($J$10:$J$23<$L$10:$L$23)+($O$10:$O$23=$AH16)*($J$10:$J$23>$L$10:$L$23))} -> 0 | AN16: {=SUM(($G$10:$G$23=$AH16)*($J$10:$J$23)+($O$10:$O$23=$AH16)*($L$10:$L$23))} -> 4 | AO16: {=SUM(($G$10:$G$23=$AH16)*($L$10:$L$23)+($O$10:$O$23=$AH16)*($J$10:$J$23))} -> 2 | AP16: =AN16-AO16 -> 2 | AQ16: 0 | AR16: =+AW16+AV16+AU16 -> 5.000502 | AU16: =+AJ16 -> 5 | AV16: =SUMIFS($BA16:$BD16,$BA$6:$BD$6,AJ16)/1000 -> 0 | AW16: =SUMIFS($BA16:$BD16,$BA$5:$BD$5,AV16)/1000000 -> 0.00050204 | AX16: =_xlfn.RANK.EQ(AJ16,$AJ$10:$AJ$16)+_xlfn.RANK.EQ(AR16,$AR$10:$AR$16)/10+_xlfn.RANK.EQ(AP16,$AP$10:$AP$16)/1000+_xlfn.RANK.EQ(AN16,$AN$10:$AN$16)/100000+_xlfn.RANK.EQ(AQ16,$AQ$10:$AQ$16)/100000+ROW()/1000000 -> 2.202046 | AY16: =_xlfn.RANK.EQ(AX16,$AX$10:$AX$16,1) -> 2 | BA16: {=(SUM(($G$10:$G$23=$AH16)*($J$10:$J$23>$L$10:$L$23)*($O$10:$O$23=BA$8)+($O$10:$O$23=$AH16)*($J$10:$J$23<$L$10:$L$23)*($G$10:$G$23=BA$8)))*300+ (SUM(($G$10:$G$23=$AH16)*($J$10:$J$23=$L$10:$L$23)*($O$10:$O$23=BA$8)+($O$10:$O$23=$AH16)*($J$10:$J$23=$L$10:$L$23)*($G$10:$G$23=BA$8)))*100 +SUM(($G$10:$G$23=$AH16)*($J$10:$J$23)*($O$10:$O$23=BA$8)+($O$10:$O$23=$AH16)*($L$10:$L$23)*($G$10:$G$23=BA$8)) -SUM(($G$10:$G$23=$AH16)*($L$10:$L$23)*($O$10:$O$23=BA$8)+($O$10:$O$23=$AH16)*($J$10:$J$23)*($G$10:$G$23=BA$8)) +SUM(($G$10:$G$23=$AH16)*($J$10:$J$23)*($O$10:$O$23=BA$8)+($O$10:$O$23=$AH16)*($L$10:$L$23)*($G$10:$G$23=BA$8))/100} -> 100.01 | BB16: {=(SUM(($G$10:$G$23=$AH16)*($J$10:$J$23>$L$10:$L$23)*($O$10:$O$23=BB$8)+($O$10:$O$23=$AH16)*($J$10:$J$23<$L$10:$L$23)*($G$10:$G$23=BB$8)))*300+ (SUM(($G$10:$G$23=$AH16)*($J$10:$J$23=$L$10:$L$23)*($O$10:$O$23=BB$8)+($O$10:$O$23=$AH16)*($J$10:$J$23=$L$10:$L$23)*($G$10:$G$23=BB$8)))*100 +SUM(($G$10:$G$23=$AH16)*($J$10:$J$23)*($O$10:$O$23=BB$8)+($O$10:$O$23=$AH16)*($L$10:$L$23)*($G$10:$G$23=BB$8)) -SUM(($G$10:$G$23=$AH16)*($L$10:$L$23)*($O$10:$O$23=BB$8)+($O$10:$O$23=$AH16)*($J$10:$J$23)*($G$10:$G$23=BB$8)) +SUM(($G$10:$G$23=$AH16)*($J$10:$J$23)*($O$10:$O$23=BB$8)+($O$10:$O$23=$AH16)*($L$10:$L$23)*($G$10:$G$23=BB$8))/100} -> 302.02 | BC16: {=(SUM(($G$10:$G$23=$AH16)*($J$10:$J$23>$L$10:$L$23)*($O$10:$O$23=BC$8)+($O$10:$O$23=$AH16)*($J$10:$J$23<$L$10:$L$23)*($G$10:$G$23=BC$8)))*300+ (SUM(($G$10:$G$23=$AH16)*($J$10:$J$23=$L$10:$L$23)*($O$10:$O$23=BC$8)+($O$10:$O$23=$AH16)*($J$10:$J$23=$L$10:$L$23)*($G$10:$G$23=BC$8)))*100 +SUM(($G$10:$G$23=$AH16)*($J$10:$J$23)*($O$10:$O$23=BC$8)+($O$10:$O$23=$AH16)*($L$10:$L$23)*($G$10:$G$23=BC$8)) -SUM(($G$10:$G$23=$AH16)*($L$10:$L$23)*($O$10:$O$23=BC$8)+($O$10:$O$23=$AH16)*($J$10:$J$23)*($G$10:$G$23=BC$8)) +SUM(($G$10:$G$23=$AH16)*($J$10:$J$23)*($O$10:$O$23=BC$8)+($O$10:$O$23=$AH16)*($L$10:$L$23)*($G$10:$G$23=BC$8))/100} -> 100.01 | BD16: {=(SUM(($G$10:$G$23=$AH16)*($J$10:$J$23>$L$10:$L$23)*($O$10:$O$23=BD$8)+($O$10:$O$23=$AH16)*($J$10:$J$23<$L$10:$L$23)*($G$10:$G$23=BD$8)))*300+ (SUM(($G$10:$G$23=$AH16)*($J$10:$J$23=$L$10:$L$23)*($O$10:$O$23=BD$8)+($O$10:$O$23=$AH16)*($J$10:$J$23=$L$10:$L$23)*($G$10:$G$23=BD$8)))*100 +SUM(($G$10:$G$23=$AH16)*($J$10:$J$23)*($O$10:$O$23=BD$8)+($O$10:$O$23=$AH16)*($L$10:$L$23)*($G$10:$G$23=BD$8)) -SUM(($G$10:$G$23=$AH16)*($L$10:$L$23)*($O$10:$O$23=BD$8)+($O$10:$O$23=$AH16)*($J$10:$J$23)*($G$10:$G$23=BD$8)) +SUM(($G$10:$G$23=$AH16)*($J$10:$J$23)*($O$10:$O$23=BD$8)+($O$10:$O$23=$AH16)*($L$10:$L$23)*($G$10:$G$23=BD$8))/100} -> 0
B18: 43 | C18: =VLOOKUP(B18,Aux!M:AH,4,0) -> 45834.125 | D18: =VLOOKUP(B18,Aux!M:AH,4,0) -> 45834.125 | F18: =IFERROR(VLOOKUP(G18,Aux!$A:$X,8,0),"") -> #VALUE! | G18: =VLOOKUP(B18,Aux!M:Y,5,0) -> Inter de Milán | H18: =IFERROR(VLOOKUP(G18,Aux!$A:$C,3,0),"") -> #VALUE! | J18: 1 | K18: - | L18: 1 | N18: =IFERROR(VLOOKUP(O18,Aux!$A:$C,3,0),"") -> #VALUE! | O18: =VLOOKUP(B18,Aux!M:Y,6,0) -> River Plate | P18: =IFERROR(VLOOKUP(O18,Aux!$A:$X,8,0),"") -> #VALUE! | R18: =VLOOKUP(B18,Aux!M:Y,7,0) -> Lumen Field
B20: 44 | C20: =VLOOKUP(B20,Aux!M:AH,4,0) -> 45834.125 | D20: =VLOOKUP(B20,Aux!M:AH,4,0) -> 45834.125 | F20: =IFERROR(VLOOKUP(G20,Aux!$A:$X,8,0),"") -> #VALUE! | G20: =VLOOKUP(B20,Aux!M:Y,5,0) -> Urawa Red Diamonds | H20: =IFERROR(VLOOKUP(G20,Aux!$A:$C,3,0),"") -> #VALUE! | J20: 0 | K20: - | L20: 1 | N20: =IFERROR(VLOOKUP(O20,Aux!$A:$C,3,0),"") -> #VALUE! | O20: =VLOOKUP(B20,Aux!M:Y,6,0) -> Monterrey | P20: =IFERROR(VLOOKUP(O20,Aux!$A:$X,8,0),"") -> #VALUE! | R20: =VLOOKUP(B20,Aux!M:Y,7,0) -> Rose Bowl
W21: Aprendiz de Excel
W23: Vídeo YouTube

Sheet F
A1: Aprendiz de Excel - Mundial de Clubes 2025
AY5: 2º | BA5: =VLOOKUP(BA8,$AH$10:$AW$16,15,0) -> 0 | BB5: =VLOOKUP(BB8,$AH$10:$AW$16,15,0) -> 0 | BC5: =VLOOKUP(BC8,$AH$10:$AW$16,15,0) -> 0 | BD5: =VLOOKUP(BD8,$AH$10:$AW$16,15,0) -> 0
AH6: F | AY6: 1º | BA6: =VLOOKUP(BA8,$AH$10:$AW$16,14,0) -> 6 | BB6: =VLOOKUP(BB8,$AH$10:$AW$16,14,0) -> 9 | BC6: =VLOOKUP(BC8,$AH$10:$AW$16,14,0) -> 0 | BD6: =VLOOKUP(BD8,$AH$10:$AW$16,14,0) -> 3
B7: # | C7: Fechas | D7: Horas | E7: PARTIDOS | R7: Estadios | T7: POSICIONES
W8: Pts. | X8: Gan. | Y8: Emp. | Z8: Per. | AA8: GF | AB8: GC | AC8: Dif. | AH8: País | AI8: J | AJ8: Pts. | AK8: Gan. | AL8: Emp. | AM8: Per. | AN8: GF | AO8: GC | AP8: DG | AQ8: JL | AR8: ED | AU8: 1º Criterio | AV8: 2º Criterio | AW8: 3º Criterio | BA8: =AH10 -> Fluminense | BB8: =AH12 -> Borussia Dortmund | BC8: =AH14 -> Ulsan HD | BD8: =AH16 -> Mamelodi Sundowns
B9: {=_xlfn.REDUCE("",_xlfn.TAKE(_xlfn._xlws.FILTER(Aux!M:T,Aux!T:T=AH6),,1),_xlfn.LAMBDA(_xlpm.t,_xlpm.p,_xlfn.VSTACK(_xlpm.t,_xlpm.p,"")))}
B10: 9 | C10: =VLOOKUP(B10,Aux!M:AH,4,0) -> 45825.75 | D10: =VLOOKUP(B10,Aux!M:AH,4,0) -> 45825.75 | F10: =IFERROR(VLOOKUP(G10,Aux!$A:$X,8,0),"") -> #VALUE! | G10: =VLOOKUP(B10,Aux!M:Y,5,0) -> Fluminense | H10: =IFERROR(VLOOKUP(G10,Aux!$A:$C,3,0),"") -> #VALUE! | J10: 1 | K10: - | L10: 2 | N10: =IFERROR(VLOOKUP(O10,Aux!$A:$C,3,0),"") -> #VALUE! | O10: =VLOOKUP(B10,Aux!M:Y,6,0) -> Borussia Dortmund | P10: =IFERROR(VLOOKUP(O10,Aux!$A:$X,8,0),"") -> #VALUE! | R10: =VLOOKUP(B10,Aux!M:Y,7,0) -> MetLife Stadium | T10: =INDEX($AH$10:$AH$17,MATCH(1,$AY$10:$AY$16,0)) -> Borussia Dortmund | U10: =IFERROR(VLOOKUP(T10,Aux!A:C,3,0),"") -> #VALUE! | W10: =VLOOKUP($T10,$AH$10:$AO$16,3,0) -> 9 | X10: =VLOOKUP($T10,$AH$10:$AO$16,4,0) -> 3 | Y10: =VLOOKUP($T10,$AH$10:$AO$16,5,0) -> 0 | Z10: =VLOOKUP($T10,$AH$10:$AO$16,6,0) -> 0 | AA10: =VLOOKUP($T10,$AH$10:$AO$16,7,0) -> 9 | AB10: =VLOOKUP($T10,$AH$10:$AO$16,8,0) -> 1 | AC10: =AA10-AB10 -> 8 | AG10: 1 | AH10: =VLOOKUP($AH$6&AG10,Aux!Z:AA,2,0) -> Fluminense | AI10: =AK10+AL10+AM10 -> 3 | AJ10: =AK10*3+AL10 -> 6 | AK10: {=SUM(($G$10:$G$23=$AH10)*($J$10:$J$23>$L$10:$L$23)+($O$10:$O$23=$AH10)*($J$10:$J$23<$L$10:$L$23))} -> 2 | AL10: {=SUM(($G$10:$G$23=$AH10)*($J$10:$J$23=$L$10:$L$23)*($J$10:$J$23<>"")+($O$10:$O$23=$AH10)*($J$10:$J$23=$L$10:$L$23)*($J$10:$J$23<>""))} -> 0 | AM10: {=SUM(($G$10:$G$23=$AH10)*($J$10:$J$23<$L$10:$L$23)+($O$10:$O$23=$AH10)*($J$10:$J$23>$L$10:$L$23))} -> 1 | AN10: {=SUM(($G$10:$G$23=$AH10)*($J$10:$J$23)+($O$10:$O$23=$AH10)*($L$10:$L$23))} -> 8 | AO10: {=SUM(($G$10:$G$23=$AH10)*($L$10:$L$23)+($O$10:$O$23=$AH10)*($J$10:$J$23))} -> 3 | AP10: =AN10-AO10 -> 5 | AQ10: 0 | AR10: =+AW10+AV10+AU10 -> 6.0006051 | AU10: =+AJ10 -> 6 | AV10: =SUMIFS($BA10:$BD10,$BA$6:$BD$6,AJ10)/1000 -> 0 | AW10: =SUMIFS($BA10:$BD10,$BA$5:$BD$5,AV10)/1000000 -> 0.00060508 | AX10: =_xlfn.RANK.EQ(AJ10,$AJ$10:$AJ$16)+_xlfn.RANK.EQ(AR10,$AR$10:$AR$16)/10+_xlfn.RANK.EQ(AP10,$AP$10:$AP$16)/1000+_xlfn.RANK.EQ(AN10,$AN$10:$AN$16)/100000+_xlfn.RANK.EQ(AQ10,$AQ$10:$AQ$16)/100000+ROW()/1000000 -> 2.20204 | AY10: =_xlfn.RANK.EQ(AX10,$AX$10:$AX$16,1) -> 2 | BA10: {=(SUM(($G$10:$G$23=$AH10)*($J$10:$J$23>$L$10:$L$23)*($O$10:$O$23=BA$8)+($O$10:$O$23=$AH10)*($J$10:$J$23<$L$10:$L$23)*($G$10:$G$23=BA$8)))*300+ (SUM(($G$10:$G$23=$AH10)*($J$10:$J$23=$L$10:$L$23)*($O$10:$O$23=BA$8)+($O$10:$O$23=$AH10)*($J$10:$J$23=$L$10:$L$23)*($G$10:$G$23=BA$8)))*100 +SUM(($G$10:$G$23=$AH10)*($J$10:$J$23)*($O$10:$O$23=BA$8)+($O$10:$O$23=$AH10)*($L$10:$L$23)*($G$10:$G$23=BA$8)) -SUM(($G$10:$G$23=$AH10)*($L$10:$L$23)*($O$10:$O$23=BA$8)+($O$10:$O$23=$AH10)*($J$10:$J$23)*($G$10:$G$23=BA$8)) +SUM(($G$10:$G$23=$AH10)*($J$10:$J$23)*($O$10:$O$23=BA$8)+($O$10:$O$23=$AH10)*($L$10:$L$23)*($G$10:$G$23=BA$8))/100} -> 0 | BB10: {=(SUM(($G$10:$G$23=$AH10)*($J$10:$J$23>$L$10:$L$23)*($O$10:$O$23=BB$8)+($O$10:$O$23=$AH10)*($J$10:$J$23<$L$10:$L$23)*($G$10:$G$23=BB$8)))*300+ (SUM(($G$10:$G$23=$AH10)*($J$10:$J$23=$L$10:$L$23)*($O$10:$O$23=BB$8)+($O$10:$O$23=$AH10)*($J$10:$J$23=$L$10:$L$23)*($G$10:$G$23=BB$8)))*100 +SUM(($G$10:$G$23=$AH10)*($J$10:$J$23)*($O$10:$O$23=BB$8)+($O$10:$O$23=$AH10)*($L$10:$L$23)*($G$10:$G$23=BB$8)) -SUM(($G$10:$G$23=$AH10)*($L$10:$L$23)*($O$10:$O$23=BB$8)+($O$10:$O$23=$AH10)*($J$10:$J$23)*($G$10:$G$23=BB$8)) +SUM(($G$10:$G$23=$AH10)*($J$10:$J$23)*($O$10:$O$23=BB$8)+($O$10:$O$23=$AH10)*($L$10:$L$23)*($G$10:$G$23=BB$8))/100} -> -0.99 | BC10: {=(SUM(($G$10:$G$23=$AH10)*($J$10:$J$23>$L$10:$L$23)*($O$10:$O$23=BC$8)+($O$10:$O$23=$AH10)*($J$10:$J$23<$L$10:$L$23)*($G$10:$G$23=BC$8)))*300+ (SUM(($G$10:$G$23=$AH10)*($J$10:$J$23=$L$10:$L$23)*($O$10:$O$23=BC$8)+($O$10:$O$23=$AH10)*($J$10:$J$23=$L$10:$L$23)*($G$10:$G$23=BC$8)))*100 +SUM(($G$10:$G$23=$AH10)*($J$10:$J$23)*($O$10:$O$23=BC$8)+($O$10:$O$23=$AH10)*($L$10:$L$23)*($G$10:$G$23=BC$8)) -SUM(($G$10:$G$23=$AH10)*($L$10:$L$23)*($O$10:$O$23=BC$8)+($O$10:$O$23=$AH10)*($J$10:$J$23)*($G$10:$G$23=BC$8)) +SUM(($G$10:$G$23=$AH10)*($J$10:$J$23)*($O$10:$O$23=BC$8)+($O$10:$O$23=$AH10)*($L$10:$L$23)*($G$10:$G$23=BC$8))/100} -> 303.03 | BD10: {=(SUM(($G$10:$G$23=$AH10)*($J$10:$J$23>$L$10:$L$23)*($O$10:$O$23=BD$8)+($O$10:$O$23=$AH10)*($J$10:$J$23<$L$10:$L$23)*($G$10:$G$23=BD$8)))*300+ (SUM(($G$10:$G$23=$AH10)*($J$10:$J$23=$L$10:$L$23)*($O$10:$O$23=BD$8)+($O$10:$O$23=$AH10)*($J$10:$J$23=$L$10:$L$23)*($G$10:$G$23=BD$8)))*100 +SUM(($G$10:$G$23=$AH10)*($J$10:$J$23)*($O$10:$O$23=BD$8)+($O$10:$O$23=$AH10)*($L$10:$L$23)*($G$10:$G$23=BD$8)) -SUM(($G$10:$G$23=$AH10)*($L$10:$L$23)*($O$10:$O$23=BD$8)+($O$10:$O$23=$AH10)*($J$10:$J$23)*($G$10:$G$23=BD$8)) +SUM(($G$10:$G$23=$AH10)*($J$10:$J$23)*($O$10:$O$23=BD$8)+($O$10:$O$23=$AH10)*($L$10:$L$23)*($G$10:$G$23=BD$8))/100} -> 303.04
B12: 11 | C12: =VLOOKUP(B12,Aux!M:AH,4,0) -> 45826 | D12: =VLOOKUP(B12,Aux!M:AH,4,0) -> 45826 | F12: =IFERROR(VLOOKUP(G12,Aux!$A:$X,8,0),"") -> #VALUE! | G12: =VLOOKUP(B12,Aux!M:Y,5,0) -> Ulsan HD | H12: =IFERROR(VLOOKUP(G12,Aux!$A:$C,3,0),"") -> #VALUE! | J12: 1 | K12: - | L12: 2 | N12: =IFERROR(VLOOKUP(O12,Aux!$A:$C,3,0),"") -> #VALUE! | O12: =VLOOKUP(B12,Aux!M:Y,6,0) -> Mamelodi Sundowns | P12: =IFERROR(VLOOKUP(O12,Aux!$A:$X,8,0),"") -> #VALUE! | R12: =VLOOKUP(B12,Aux!M:Y,7,0) -> Inter&Co Stadium | T12: =INDEX($AH$10:$AH$17,MATCH(2,$AY$10:$AY$16,0)) -> Fluminense | U12: =IFERROR(VLOOKUP(T12,Aux!A:C,3,0),"") -> #VALUE! | W12: =VLOOKUP($T12,$AH$10:$AO$16,3,0) -> 6 | X12: =VLOOKUP($T12,$AH$10:$AO$16,4,0) -> 2 | Y12: =VLOOKUP($T12,$AH$10:$AO$16,5,0) -> 0 | Z12: =VLOOKUP($T12,$AH$10:$AO$16,6,0) -> 1 | AA12: =VLOOKUP($T12,$AH$10:$AO$16,7,0) -> 8 | AB12: =VLOOKUP($T12,$AH$10:$AO$16,8,0) -> 3 | AC12: =AA12-AB12 -> 5 | AG12: 2 | AH12: =VLOOKUP($AH$6&AG12,Aux!Z:AA,2,0) -> Borussia Dortmund | AI12: =AK12+AL12+AM12 -> 3 | AJ12: =AK12*3+AL12 -> 9 | AK12: {=SUM(($G$10:$G$23=$AH12)*($J$10:$J$23>$L$10:$L$23)+($O$10:$O$23=$AH12)*($J$10:$J$23<$L$10:$L$23))} -> 3 | AL12: {=SUM(($G$10:$G$23=$AH12)*($J$10:$J$23=$L$10:$L$23)*($J$10:$J$23<>"")+($O$10:$O$23=$AH12)*($J$10:$J$23=$L$10:$L$23)*($J$10:$J$23<>""))} -> 0 | AM12: {=SUM(($G$10:$G$23=$AH12)*($J$10:$J$23<$L$10:$L$23)+($O$10:$O$23=$AH12)*($J$10:$J$23>$L$10:$L$23))} -> 0 | AN12: {=SUM(($G$10:$G$23=$AH12)*($J$10:$J$23)+($O$10:$O$23=$AH12)*($L$10:$L$23))} -> 9 | AO12: {=SUM(($G$10:$G$23=$AH12)*($L$10:$L$23)+($O$10:$O$23=$AH12)*($J$10:$J$23))} -> 1 | AP12: =AN12-AO12 -> 8 | AQ12: 0 | AR12: =+AW12+AV12+AU12 -> 9.0009081 | AU12: =+AJ12 -> 9 | AV12: =SUMIFS($BA12:$BD12,$BA$6:$BD$6,AJ12)/1000 -> 0 | AW12: =SUMIFS($BA12:$BD12,$BA$5:$BD$5,AV12)/1000000 -> 0.00090809 | AX12: =_xlfn.RANK.EQ(AJ12,$AJ$10:$AJ$16)+_xlfn.RANK.EQ(AR12,$AR$10:$AR$16)/10+_xlfn.RANK.EQ(AP12,$AP$10:$AP$16)/1000+_xlfn.RANK.EQ(AN12,$AN$10:$AN$16)/100000+_xlfn.RANK.EQ(AQ12,$AQ$10:$AQ$16)/100000+ROW()/1000000 -> 1.101032 | AY12: =_xlfn.RANK.EQ(AX12,$AX$10:$AX$16,1) -> 1 | BA12: {=(SUM(($G$10:$G$23=$AH12)*($J$10:$J$23>$L$10:$L$23)*($O$10:$O$23=BA$8)+($O$10:$O$23=$AH12)*($J$10:$J$23<$L$10:$L$23)*($G$10:$G$23=BA$8)))*300+ (SUM(($G$10:$G$23=$AH12)*($J$10:$J$23=$L$10:$L$23)*($O$10:$O$23=BA$8)+($O$10:$O$23=$AH12)*($J$10:$J$23=$L$10:$L$23)*($G$10:$G$23=BA$8)))*100 +SUM(($G$10:$G$23=$AH12)*($J$10:$J$23)*($O$10:$O$23=BA$8)+($O$10:$O$23=$AH12)*($L$10:$L$23)*($G$10:$G$23=BA$8)) -SUM(($G$10:$G$23=$AH12)*($L$10:$L$23)*($O$10:$O$23=BA$8)+($O$10:$O$23=$AH12)*($J$10:$J$23)*($G$10:$G$23=BA$8)) +SUM(($G$10:$G$23=$AH12)*($J$10:$J$23)*($O$10:$O$23=BA$8)+($O$10:$O$23=$AH12)*($L$10:$L$23)*($G$10:$G$23=BA$8))/100} -> 301.02 | BB12: {=(SUM(($G$10:$G$23=$AH12)*($J$10:$J$23>$L$10:$L$23)*($O$10:$O$23=BB$8)+($O$10:$O$23=$AH12)*($J$10:$J$23<$L$10:$L$23)*($G$10:$G$23=BB$8)))*300+ (SUM(($G$10:$G$23=$AH12)*($J$10:$J$23=$L$10:$L$23)*($O$10:$O$23=BB$8)+($O$10:$O$23=$AH12)*($J$10:$J$23=$L$10:$L$23)*($G$10:$G$23=BB$8)))*100 +SUM(($G$10:$G$23=$AH12)*($J$10:$J$23)*($O$10:$O$23=BB$8)+($O$10:$O$23=$AH12)*($L$10:$L$23)*($G$10:$G$23=BB$8)) -SUM(($G$10:$G$23=$AH12)*($L$10:$L$23)*($O$10:$O$23=BB$8)+($O$10:$O$23=$AH12)*($J$10:$J$23)*($G$10:$G$23=BB$8)) +SUM(($G$10:$G$23=$AH12)*($J$10:$J$23)*($O$10:$O$23=BB$8)+($O$10:$O$23=$AH12)*($L$10:$L$23)*($G$10:$G$23=BB$8))/100} -> 0 | BC12: {=(SUM(($G$10:$G$23=$AH12)*($J$10:$J$23>$L$10:$L$23)*($O$10:$O$23=BC$8)+($O$10:$O$23=$AH12)*($J$10:$J$23<$L$10:$L$23)*($G$10:$G$23=BC$8)))*300+ (SUM(($G$10:$G$23=$AH12)*($J$10:$J$23=$L$10:$L$23)*($O$10:$O$23=BC$8)+($O$10:$O$23=$AH12)*($J$10:$J$23=$L$10:$L$23)*($G$10:$G$23=BC$8)))*100 +SUM(($G$10:$G$23=$AH12)*($J$10:$J$23)*($O$10:$O$23=BC$8)+($O$10:$O$23=$AH12)*($L$10:$L$23)*($G$10:$G$23=BC$8)) -SUM(($G$10:$G$23=$AH12)*($L$10:$L$23)*($O$10:$O$23=BC$8)+($O$10:$O$23=$AH12)*($J$10:$J$23)*($G$10:$G$23=BC$8)) +SUM(($G$10:$G$23=$AH12)*($J$10:$J$23)*($O$10:$O$23=BC$8)+($O$10:$O$23=$AH12)*($L$10:$L$23)*($G$10:$G$23=BC$8))/100} -> 303.03 | BD12: {=(SUM(($G$10:$G$23=$AH12)*($J$10:$J$23>$L$10:$L$23)*($O$10:$O$23=BD$8)+($O$10:$O$23=$AH12)*($J$10:$J$23<$L$10:$L$23)*($G$10:$G$23=BD$8)))*300+ (SUM(($G$10:$G$23=$AH12)*($J$10:$J$23=$L$10:$L$23)*($O$10:$O$23=BD$8)+($O$10:$O$23=$AH12)*($J$10:$J$23=$L$10:$L$23)*($G$10:$G$23=BD$8)))*100 +SUM(($G$10:$G$23=$AH12)*($J$10:$J$23)*($O$10:$O$23=BD$8)+($O$10:$O$23=$AH12)*($L$10:$L$23)*($G$10:$G$23=BD$8)) -SUM(($G$10:$G$23=$AH12)*($L$10:$L$23)*($O$10:$O$23=BD$8)+($O$10:$O$23=$AH12)*($J$10:$J$23)*($G$10:$G$23=BD$8)) +SUM(($G$10:$G$23=$AH12)*($J$10:$J$23)*($O$10:$O$23=BD$8)+($O$10:$O$23=$AH12)*($L$10:$L$23)*($G$10:$G$23=BD$8))/100} -> 304.04
B14: 25 | C14: =VLOOKUP(B14,Aux!M:AH,4,0) -> 45829.75 | D14: =VLOOKUP(B14,Aux!M:AH,4,0) -> 45829.75 | F14: =IFERROR(VLOOKUP(G14,Aux!$A:$X,8,0),"") -> #VALUE! | G14: =VLOOKUP(B14,Aux!M:Y,5,0) -> Mamelodi Sundowns | H14: =IFERROR(VLOOKUP(G14,Aux!$A:$C,3,0),"") -> #VALUE! | J14: 0 | K14: - | L14: 4 | N14: =IFERROR(VLOOKUP(O14,Aux!$A:$C,3,0),"") -> #VALUE! | O14: =VLOOKUP(B14,Aux!M:Y,6,0) -> Borussia Dortmund | P14: =IFERROR(VLOOKUP(O14,Aux!$A:$X,8,0),"") -> #VALUE! | R14: =VLOOKUP(B14,Aux!M:Y,7,0) -> TQL Stadium | T14: =INDEX($AH$10:$AH$17,MATCH(3,$AY$10:$AY$16,0)) -> Mamelodi Sundowns | U14: =IFERROR(VLOOKUP(T14,Aux!A:C,3,0),"") -> #VALUE! | W14: =VLOOKUP($T14,$AH$10:$AO$16,3,0) -> 3 | X14: =VLOOKUP($T14,$AH$10:$AO$16,4,0) -> 1 | Y14: =VLOOKUP($T14,$AH$10:$AO$16,5,0) -> 0 | Z14: =VLOOKUP($T14,$AH$10:$AO$16,6,0) -> 2 | AA14: =VLOOKUP($T14,$AH$10:$AO$16,7,0) -> 3 | AB14: =VLOOKUP($T14,$AH$10:$AO$16,8,0) -> 9 | AC14: =AA14-AB14 -> -6 | AG14: 3 | AH14: =VLOOKUP($AH$6&AG14,Aux!Z:AA,2,0) -> Ulsan HD | AI14: =AK14+AL14+AM14 -> 3 | AJ14: =AK14*3+AL14 -> 0 | AK14: {=SUM(($G$10:$G$23=$AH14)*($J$10:$J$23>$L$10:$L$23)+($O$10:$O$23=$AH14)*($J$10:$J$23<$L$10:$L$23))} -> 0 | AL14: {=SUM(($G$10:$G$23=$AH14)*($J$10:$J$23=$L$10:$L$23)*($J$10:$J$23<>"")+($O$10:$O$23=$AH14)*($J$10:$J$23=$L$10:$L$23)*($J$10:$J$23<>""))} -> 0 | AM14: {=SUM(($G$10:$G$23=$AH14)*($J$10:$J$23<$L$10:$L$23)+($O$10:$O$23=$AH14)*($J$10:$J$23>$L$10:$L$23))} -> 3 | AN14: {=SUM(($G$10:$G$23=$AH14)*($J$10:$J$23)+($O$10:$O$23=$AH14)*($L$10:$L$23))} -> 1 | AO14: {=SUM(($G$10:$G$23=$AH14)*($L$10:$L$23)+($O$10:$O$23=$AH14)*($J$10:$J$23))} -> 8 | AP14: =AN14-AO14 -> -7 | AQ14: 0 | AR14: =+AW14+AV14+AU14 -> -6.99e-06 | AU14: =+AJ14 -> 0 | AV14: =SUMIFS($BA14:$BD14,$BA$6:$BD$6,AJ14)/1000 -> 0 | AW14: =SUMIFS($BA14:$BD14,$BA$5:$BD$5,AV14)/1000000 -> -6.99e-06 | AX14: =_xlfn.RANK.EQ(AJ14,$AJ$10:$AJ$16)+_xlfn.RANK.EQ(AR14,$AR$10:$AR$16)/10+_xlfn.RANK.EQ(AP14,$AP$10:$AP$16)/1000+_xlfn.RANK.EQ(AN14,$AN$10:$AN$16)/100000+_xlfn.RANK.EQ(AQ14,$AQ$10:$AQ$16)/100000+ROW()/1000000 -> 4.404064 | AY14: =_xlfn.RANK.EQ(AX14,$AX$10:$AX$16,1) -> 4 | BA14: {=(SUM(($G$10:$G$23=$AH14)*($J$10:$J$23>$L$10:$L$23)*($O$10:$O$23=BA$8)+($O$10:$O$23=$AH14)*($J$10:$J$23<$L$10:$L$23)*($G$10:$G$23=BA$8)))*300+ (SUM(($G$10:$G$23=$AH14)*($J$10:$J$23=$L$10:$L$23)*($O$10:$O$23=BA$8)+($O$10:$O$23=$AH14)*($J$10:$J$23=$L$10:$L$23)*($G$10:$G$23=BA$8)))*100 +SUM(($G$10:$G$23=$AH14)*($J$10:$J$23)*($O$10:$O$23=BA$8)+($O$10:$O$23=$AH14)*($L$10:$L$23)*($G$10:$G$23=BA$8)) -SUM(($G$10:$G$23=$AH14)*($L$10:$L$23)*($O$10:$O$23=BA$8)+($O$10:$O$23=$AH14)*($J$10:$J$23)*($G$10:$G$23=BA$8)) +SUM(($G$10:$G$23=$AH14)*($J$10:$J$23)*($O$10:$O$23=BA$8)+($O$10:$O$23=$AH14)*($L$10:$L$23)*($G$10:$G$23=BA$8))/100} -> -3 | BB14: {=(SUM(($G$10:$G$23=$AH14)*($J$10:$J$23>$L$10:$L$23)*($O$10:$O$23=BB$8)+($O$10:$O$23=$AH14)*($J$10:$J$23<$L$10:$L$23)*($G$10:$G$23=BB$8)))*300+ (SUM(($G$10:$G$23=$AH14)*($J$10:$J$23=$L$10:$L$23)*($O$10:$O$23=BB$8)+($O$10:$O$23=$AH14)*($J$10:$J$23=$L$10:$L$23)*($G$10:$G$23=BB$8)))*100 +SUM(($G$10:$G$23=$AH14)*($J$10:$J$23)*($O$10:$O$23=BB$8)+($O$10:$O$23=$AH14)*($L$10:$L$23)*($G$10:$G$23=BB$8)) -SUM(($G$10:$G$23=$AH14)*($L$10:$L$23)*($O$10:$O$23=BB$8)+($O$10:$O$23=$AH14)*($J$10:$J$23)*($G$10:$G$23=BB$8)) +SUM(($G$10:$G$23=$AH14)*($J$10:$J$23)*($O$10:$O$23=BB$8)+($O$10:$O$23=$AH14)*($L$10:$L$23)*($G$10:$G$23=BB$8))/100} -> -3 | BC14: {=(SUM(($G$10:$G$23=$AH14)*($J$10:$J$23>$L$10:$L$23)*($O$10:$O$23=BC$8)+($O$10:$O$23=$AH14)*($J$10:$J$23<$L$10:$L$23)*($G$10:$G$23=BC$8)))*300+ (SUM(($G$10:$G$23=$AH14)*($J$10:$J$23=$L$10:$L$23)*($O$10:$O$23=BC$8)+($O$10:$O$23=$AH14)*($J$10:$J$23=$L$10:$L$23)*($G$10:$G$23=BC$8)))*100 +SUM(($G$10:$G$23=$AH14)*($J$10:$J$23)*($O$10:$O$23=BC$8)+($O$10:$O$23=$AH14)*($L$10:$L$23)*($G$10:$G$23=BC$8)) -SUM(($G$10:$G$23=$AH14)*($L$10:$L$23)*($O$10:$O$23=BC$8)+($O$10:$O$23=$AH14)*($J$10:$J$23)*($G$10:$G$23=BC$8)) +SUM(($G$10:$G$23=$AH14)*($J$10:$J$23)*($O$10:$O$23=BC$8)+($O$10:$O$23=$AH14)*($L$10:$L$23)*($G$10:$G$23=BC$8))/100} -> 0 | BD14: {=(SUM(($G$10:$G$23=$AH14)*($J$10:$J$23>$L$10:$L$23)*($O$10:$O$23=BD$8)+($O$10:$O$23=$AH14)*($J$10:$J$23<$L$10:$L$23)*($G$10:$G$23=BD$8)))*300+ (SUM(($G$10:$G$23=$AH14)*($J$10:$J$23=$L$10:$L$23)*($O$10:$O$23=BD$8)+($O$10:$O$23=$AH14)*($J$10:$J$23=$L$10:$L$23)*($G$10:$G$23=BD$8)))*100 +SUM(($G$10:$G$23=$AH14)*($J$10:$J$23)*($O$10:$O$23=BD$8)+($O$10:$O$23=$AH14)*($L$10:$L$23)*($G$10:$G$23=BD$8)) -SUM(($G$10:$G$23=$AH14)*($L$10:$L$23)*($O$10:$O$23=BD$8)+($O$10:$O$23=$AH14)*($J$10:$J$23)*($G$10:$G$23=BD$8)) +SUM(($G$10:$G$23=$AH14)*($J$10:$J$23)*($O$10:$O$23=BD$8)+($O$10:$O$23=$AH14)*($L$10:$L$23)*($G$10:$G$23=BD$8))/100} -> -0.99
B16: 27 | C16: =VLOOKUP(B16,Aux!M:AH,4,0) -> 45830 | D16: =VLOOKUP(B16,Aux!M:AH,4,0) -> 45830 | F16: =IFERROR(VLOOKUP(G16,Aux!$A:$X,8,0),"") -> #VALUE! | G16: =VLOOKUP(B16,Aux!M:Y,5,0) -> Fluminense | H16: =IFERROR(VLOOKUP(G16,Aux!$A:$C,3,0),"") -> #VALUE! | J16: 3 | K16: - | L16: 0 | N16: =IFERROR(VLOOKUP(O16,Aux!$A:$C,3,0),"") -> #VALUE! | O16: =VLOOKUP(B16,Aux!M:Y,6,0) -> Ulsan HD | P16: =IFERROR(VLOOKUP(O16,Aux!$A:$X,8,0),"") -> #VALUE! | R16: =VLOOKUP(B16,Aux!M:Y,7,0) -> MetLife Stadium | T16: =INDEX($AH$10:$AH$17,MATCH(4,$AY$10:$AY$16,0)) -> Ulsan HD | U16: =IFERROR(VLOOKUP(T16,Aux!A:C,3,0),"") -> #VALUE! | W16: =VLOOKUP($T16,$AH$10:$AO$16,3,0) -> 0 | X16: =VLOOKUP($T16,$AH$10:$AO$16,4,0) -> 0 | Y16: =VLOOKUP($T16,$AH$10:$AO$16,5,0) -> 0 | Z16: =VLOOKUP($T16,$AH$10:$AO$16,6,0) -> 3 | AA16: =VLOOKUP($T16,$AH$10:$AO$16,7,0) -> 1 | AB16: =VLOOKUP($T16,$AH$10:$AO$16,8,0) -> 8 | AC16: =AA16-AB16 -> -7 | AG16: 4 | AH16: =VLOOKUP($AH$6&AG16,Aux!Z:AA,2,0) -> Mamelodi Sundowns | AI16: =AK16+AL16+AM16 -> 3 | AJ16: =AK16*3+AL16 -> 3 | AK16: {=SUM(($G$10:$G$23=$AH16)*($J$10:$J$23>$L$10:$L$23)+($O$10:$O$23=$AH16)*($J$10:$J$23<$L$10:$L$23))} -> 1 | AL16: {=SUM(($G$10:$G$23=$AH16)*($J$10:$J$23=$L$10:$L$23)*($J$10:$J$23<>"")+($O$10:$O$23=$AH16)*($J$10:$J$23=$L$10:$L$23)*($J$10:$J$23<>""))} -> 0 | AM16: {=SUM(($G$10:$G$23=$AH16)*($J$10:$J$23<$L$10:$L$23)+($O$10:$O$23=$AH16)*($J$10:$J$23>$L$10:$L$23))} -> 2 | AN16: {=SUM(($G$10:$G$23=$AH16)*($J$10:$J$23)+($O$10:$O$23=$AH16)*($L$10:$L$23))} -> 3 | AO16: {=SUM(($G$10:$G$23=$AH16)*($L$10:$L$23)+($O$10:$O$23=$AH16)*($J$10:$J$23))} -> 9 | AP16: =AN16-AO16 -> -6 | AQ16: 0 | AR16: =+AW16+AV16+AU16 -> 3.000294 | AU16: =+AJ16 -> 3 | AV16: =SUMIFS($BA16:$BD16,$BA$6:$BD$6,AJ16)/1000 -> 0 | AW16: =SUMIFS($BA16:$BD16,$BA$5:$BD$5,AV16)/1000000 -> 0.00029403 | AX16: =_xlfn.RANK.EQ(AJ16,$AJ$10:$AJ$16)+_xlfn.RANK.EQ(AR16,$AR$10:$AR$16)/10+_xlfn.RANK.EQ(AP16,$AP$10:$AP$16)/1000+_xlfn.RANK.EQ(AN16,$AN$10:$AN$16)/100000+_xlfn.RANK.EQ(AQ16,$AQ$10:$AQ$16)/100000+ROW()/1000000 -> 3.303056 | AY16: =_xlfn.RANK.EQ(AX16,$AX$10:$AX$16,1) -> 3 | BA16: {=(SUM(($G$10:$G$23=$AH16)*($J$10:$J$23>$L$10:$L$23)*($O$10:$O$23=BA$8)+($O$10:$O$23=$AH16)*($J$10:$J$23<$L$10:$L$23)*($G$10:$G$23=BA$8)))*300+ (SUM(($G$10:$G$23=$AH16)*($J$10:$J$23=$L$10:$L$23)*($O$10:$O$23=BA$8)+($O$10:$O$23=$AH16)*($J$10:$J$23=$L$10:$L$23)*($G$10:$G$23=BA$8)))*100 +SUM(($G$10:$G$23=$AH16)*($J$10:$J$23)*($O$10:$O$23=BA$8)+($O$10:$O$23=$AH16)*($L$10:$L$23)*($G$10:$G$23=BA$8)) -SUM(($G$10:$G$23=$AH16)*($L$10:$L$23)*($O$10:$O$23=BA$8)+($O$10:$O$23=$AH16)*($J$10:$J$23)*($G$10:$G$23=BA$8)) +SUM(($G$10:$G$23=$AH16)*($J$10:$J$23)*($O$10:$O$23=BA$8)+($O$10:$O$23=$AH16)*($L$10:$L$23)*($G$10:$G$23=BA$8))/100} -> -2.99 | BB16: {=(SUM(($G$10:$G$23=$AH16)*($J$10:$J$23>$L$10:$L$23)*($O$10:$O$23=BB$8)+($O$10:$O$23=$AH16)*($J$10:$J$23<$L$10:$L$23)*($G$10:$G$23=BB$8)))*300+ (SUM(($G$10:$G$23=$AH16)*($J$10:$J$23=$L$10:$L$23)*($O$10:$O$23=BB$8)+($O$10:$O$23=$AH16)*($J$10:$J$23=$L$10:$L$23)*($G$10:$G$23=BB$8)))*100 +SUM(($G$10:$G$23=$AH16)*($J$10:$J$23)*($O$10:$O$23=BB$8)+($O$10:$O$23=$AH16)*($L$10:$L$23)*($G$10:$G$23=BB$8)) -SUM(($G$10:$G$23=$AH16)*($L$10:$L$23)*($O$10:$O$23=BB$8)+($O$10:$O$23=$AH16)*($J$10:$J$23)*($G$10:$G$23=BB$8)) +SUM(($G$10:$G$23=$AH16)*($J$10:$J$23)*($O$10:$O$23=BB$8)+($O$10:$O$23=$AH16)*($L$10:$L$23)*($G$10:$G$23=BB$8))/100} -> -4 | BC16: {=(SUM(($G$10:$G$23=$AH16)*($J$10:$J$23>$L$10:$L$23)*($O$10:$O$23=BC$8)+($O$10:$O$23=$AH16)*($J$10:$J$23<$L$10:$L$23)*($G$10:$G$23=BC$8)))*300+ (SUM(($G$10:$G$23=$AH16)*($J$10:$J$23=$L$10:$L$23)*($O$10:$O$23=BC$8)+($O$10:$O$23=$AH16)*($J$10:$J$23=$L$10:$L$23)*($G$10:$G$23=BC$8)))*100 +SUM(($G$10:$G$23=$AH16)*($J$10:$J$23)*($O$10:$O$23=BC$8)+($O$10:$O$23=$AH16)*($L$10:$L$23)*($G$10:$G$23=BC$8)) -SUM(($G$10:$G$23=$AH16)*($L$10:$L$23)*($O$10:$O$23=BC$8)+($O$10:$O$23=$AH16)*($J$10:$J$23)*($G$10:$G$23=BC$8)) +SUM(($G$10:$G$23=$AH16)*($J$10:$J$23)*($O$10:$O$23=BC$8)+($O$10:$O$23=$AH16)*($L$10:$L$23)*($G$10:$G$23=BC$8))/100} -> 301.02 | BD16: {=(SUM(($G$10:$G$23=$AH16)*($J$10:$J$23>$L$10:$L$23)*($O$10:$O$23=BD$8)+($O$10:$O$23=$AH16)*($J$10:$J$23<$L$10:$L$23)*($G$10:$G$23=BD$8)))*300+ (SUM(($G$10:$G$23=$AH16)*($J$10:$J$23=$L$10:$L$23)*($O$10:$O$23=BD$8)+($O$10:$O$23=$AH16)*($J$10:$J$23=$L$10:$L$23)*($G$10:$G$23=BD$8)))*100 +SUM(($G$10:$G$23=$AH16)*($J$10:$J$23)*($O$10:$O$23=BD$8)+($O$10:$O$23=$AH16)*($L$10:$L$23)*($G$10:$G$23=BD$8)) -SUM(($G$10:$G$23=$AH16)*($L$10:$L$23)*($O$10:$O$23=BD$8)+($O$10:$O$23=$AH16)*($J$10:$J$23)*($G$10:$G$23=BD$8)) +SUM(($G$10:$G$23=$AH16)*($J$10:$J$23)*($O$10:$O$23=BD$8)+($O$10:$O$23=$AH16)*($L$10:$L$23)*($G$10:$G$23=BD$8))/100} -> 0
B18: 41 | C18: =VLOOKUP(B18,Aux!M:AH,4,0) -> 45833.875 | D18: =VLOOKUP(B18,Aux!M:AH,4,0) -> 45833.875 | F18: =IFERROR(VLOOKUP(G18,Aux!$A:$X,8,0),"") -> #VALUE! | G18: =VLOOKUP(B18,Aux!M:Y,5,0) -> Borussia Dortmund | H18: =IFERROR(VLOOKUP(G18,Aux!$A:$C,3,0),"") -> #VALUE! | J18: 3 | K18: - | L18: 0 | N18: =IFERROR(VLOOKUP(O18,Aux!$A:$C,3,0),"") -> #VALUE! | O18: =VLOOKUP(B18,Aux!M:Y,6,0) -> Ulsan HD | P18: =IFERROR(VLOOKUP(O18,Aux!$A:$X,8,0),"") -> #VALUE! | R18: =VLOOKUP(B18,Aux!M:Y,7,0) -> TQL Stadium
B20: 42 | C20: =VLOOKUP(B20,Aux!M:AH,4,0) -> 45833.875 | D20: =VLOOKUP(B20,Aux!M:AH,4,0) -> 45833.875 | F20: =IFERROR(VLOOKUP(G20,Aux!$A:$X,8,0),"") -> #VALUE! | G20: =VLOOKUP(B20,Aux!M:Y,5,0) -> Mamelodi Sundowns | H20: =IFERROR(VLOOKUP(G20,Aux!$A:$C,3,0),"") -> #VALUE! | J20: 1 | K20: - | L20: 4 | N20: =IFERROR(VLOOKUP(O20,Aux!$A:$C,3,0),"") -> #VALUE! | O20: =VLOOKUP(B20,Aux!M:Y,6,0) -> Fluminense | P20: =IFERROR(VLOOKUP(O20,Aux!$A:$X,8,0),"") -> #VALUE! | R20: =VLOOKUP(B20,Aux!M:Y,7,0) -> Hard Rock Stadium
W21: Aprendiz de Excel
W23: Vídeo YouTube

Sheet G
A1: Aprendiz de Excel - Mundial de Clubes 2025
AY5: 2º | BA5: =VLOOKUP(BA8,$AH$10:$AW$16,15,0) -> 0.10001 | BB5: =VLOOKUP(BB8,$AH$10:$AW$16,15,0) -> 0 | BC5: =VLOOKUP(BC8,$AH$10:$AW$16,15,0) -> 0 | BD5: =VLOOKUP(BD8,$AH$10:$AW$16,15,0) -> 0.10001
AH6: G | AY6: 1º | BA6: =VLOOKUP(BA8,$AH$10:$AW$16,14,0) -> 7 | BB6: =VLOOKUP(BB8,$AH$10:$AW$16,14,0) -> 0 | BC6: =VLOOKUP(BC8,$AH$10:$AW$16,14,0) -> 3 | BD6: =VLOOKUP(BD8,$AH$10:$AW$16,14,0) -> 7
B7: # | C7: Fechas | D7: Horas | E7: PARTIDOS | R7: Estadios | T7: POSICIONES
W8: Pts. | X8: Gan. | Y8: Emp. | Z8: Per. | AA8: GF | AB8: GC | AC8: Dif. | AH8: País | AI8: J | AJ8: Pts. | AK8: Gan. | AL8: Emp. | AM8: Per. | AN8: GF | AO8: GC | AP8: DG | AQ8: JL | AR8: ED | AU8: 1º Criterio | AV8: 2º Criterio | AW8: 3º Criterio | BA8: =AH10 -> Manchester City | BB8: =AH12 -> Wydad Casablanca | BC8: =AH14 -> Al-Ain | BD8: =AH16 -> Juventus
B9: {=_xlfn.REDUCE("",_xlfn.TAKE(_xlfn._xlws.FILTER(Aux!M:T,Aux!T:T=AH6),,1),_xlfn.LAMBDA(_xlpm.t,_xlpm.p,_xlfn.VSTACK(_xlpm.t,_xlpm.p,"")))}
B10: 13 | C10: =VLOOKUP(B10,Aux!M:AH,4,0) -> 45826.75 | D10: =VLOOKUP(B10,Aux!M:AH,4,0) -> 45826.75 | F10: =IFERROR(VLOOKUP(G10,Aux!$A:$X,8,0),"") -> #VALUE! | G10: =VLOOKUP(B10,Aux!M:Y,5,0) -> Manchester City | H10: =IFERROR(VLOOKUP(G10,Aux!$A:$C,3,0),"") -> #VALUE! | J10: 5 | K10: - | L10: 0 | N10: =IFERROR(VLOOKUP(O10,Aux!$A:$C,3,0),"") -> #VALUE! | O10: =VLOOKUP(B10,Aux!M:Y,6,0) -> Wydad Casablanca | P10: =IFERROR(VLOOKUP(O10,Aux!$A:$X,8,0),"") -> #VALUE! | R10: =VLOOKUP(B10,Aux!M:Y,7,0) -> Lincoln Financial Field | T10: =INDEX($AH$10:$AH$17,MATCH(1,$AY$10:$AY$16,0)) -> Manchester City | U10: =IFERROR(VLOOKUP(T10,Aux!A:C,3,0),"") -> #VALUE! | W10: =VLOOKUP($T10,$AH$10:$AO$16,3,0) -> 7 | X10: =VLOOKUP($T10,$AH$10:$AO$16,4,0) -> 2 | Y10: =VLOOKUP($T10,$AH$10:$AO$16,5,0) -> 1 | Z10: =VLOOKUP($T10,$AH$10:$AO$16,6,0) -> 0 | AA10: =VLOOKUP($T10,$AH$10:$AO$16,7,0) -> 9 | AB10: =VLOOKUP($T10,$AH$10:$AO$16,8,0) -> 1 | AC10: =AA10-AB10 -> 8 | AG10: 1 | AH10: =VLOOKUP($AH$6&AG10,Aux!Z:AA,2,0) -> Manchester City | AI10: =AK10+AL10+AM10 -> 3 | AJ10: =AK10*3+AL10 -> 7 | AK10: {=SUM(($G$10:$G$23=$AH10)*($J$10:$J$23>$L$10:$L$23)+($O$10:$O$23=$AH10)*($J$10:$J$23<$L$10:$L$23))} -> 2 | AL10: {=SUM(($G$10:$G$23=$AH10)*($J$10:$J$23=$L$10:$L$23)*($J$10:$J$23<>"")+($O$10:$O$23=$AH10)*($J$10:$J$23=$L$10:$L$23)*($J$10:$J$23<>""))} -> 1 | AM10: {=SUM(($G$10:$G$23=$AH10)*($J$10:$J$23<$L$10:$L$23)+($O$10:$O$23=$AH10)*($J$10:$J$23>$L$10:$L$23))} -> 0 | AN10: {=SUM(($G$10:$G$23=$AH10)*($J$10:$J$23)+($O$10:$O$23=$AH10)*($L$10:$L$23))} -> 9 | AO10: {=SUM(($G$10:$G$23=$AH10)*($L$10:$L$23)+($O$10:$O$23=$AH10)*($J$10:$J$23))} -> 1 | AP10: =AN10-AO10 -> 8 | AQ10: 0 | AR10: =+AW10+AV10+AU10 -> 7.10011 | AU10: =+AJ10 -> 7 | AV10: =SUMIFS($BA10:$BD10,$BA$6:$BD$6,AJ10)/1000 -> 0.10001 | AW10: =SUMIFS($BA10:$BD10,$BA$5:$BD$5,AV10)/1000000 -> 0.00010001 | AX10: =_xlfn.RANK.EQ(AJ10,$AJ$10:$AJ$16)+_xlfn.RANK.EQ(AR10,$AR$10:$AR$16)/10+_xlfn.RANK.EQ(AP10,$AP$10:$AP$16)/1000+_xlfn.RANK.EQ(AN10,$AN$10:$AN$16)/100000+_xlfn.RANK.EQ(AQ10,$AQ$10:$AQ$16)/100000+ROW()/1000000 -> 1.10103 | AY10: =_xlfn.RANK.EQ(AX10,$AX$10:$AX$16,1) -> 1 | BA10: {=(SUM(($G$10:$G$23=$AH10)*($J$10:$J$23>$L$10:$L$23)*($O$10:$O$23=BA$8)+($O$10:$O$23=$AH10)*($J$10:$J$23<$L$10:$L$23)*($G$10:$G$23=BA$8)))*300+ (SUM(($G$10:$G$23=$AH10)*($J$10:$J$23=$L$10:$L$23)*($O$10:$O$23=BA$8)+($O$10:$O$23=$AH10)*($J$10:$J$23=$L$10:$L$23)*($G$10:$G$23=BA$8)))*100 +SUM(($G$10:$G$23=$AH10)*($J$10:$J$23)*($O$10:$O$23=BA$8)+($O$10:$O$23=$AH10)*($L$10:$L$23)*($G$10:$G$23=BA$8)) -SUM(($G$10:$G$23=$AH10)*($L$10:$L$23)*($O$10:$O$23=BA$8)+($O$10:$O$23=$AH10)*($J$10:$J$23)*($G$10:$G$23=BA$8)) +SUM(($G$10:$G$23=$AH10)*($J$10:$J$23)*($O$10:$O$23=BA$8)+($O$10:$O$23=$AH10)*($L$10:$L$23)*($G$10:$G$23=BA$8))/100} -> 0 | BB10: {=(SUM(($G$10:$G$23=$AH10)*($J$10:$J$23>$L$10:$L$23)*($O$10:$O$23=BB$8)+($O$10:$O$23=$AH10)*($J$10:$J$23<$L$10:$L$23)*($G$10:$G$23=BB$8)))*300+ (SUM(($G$10:$G$23=$AH10)*($J$10:$J$23=$L$10:$L$23)*($O$10:$O$23=BB$8)+($O$10:$O$23=$AH10)*($J$10:$J$23=$L$10:$L$23)*($G$10:$G$23=BB$8)))*100 +SUM(($G$10:$G$23=$AH10)*($J$10:$J$23)*($O$10:$O$23=BB$8)+($O$10:$O$23=$AH10)*($L$10:$L$23)*($G$10:$G$23=BB$8)) -SUM(($G$10:$G$23=$AH10)*($L$10:$L$23)*($O$10:$O$23=BB$8)+($O$10:$O$23=$AH10)*($J$10:$J$23)*($G$10:$G$23=BB$8)) +SUM(($G$10:$G$23=$AH10)*($J$10:$J$23)*($O$10:$O$23=BB$8)+($O$10:$O$23=$AH10)*($L$10:$L$23)*($G$10:$G$23=BB$8))/100} -> 305.05 | BC10: {=(SUM(($G$10:$G$23=$AH10)*($J$10:$J$23>$L$10:$L$23)*($O$10:$O$23=BC$8)+($O$10:$O$23=$AH10)*($J$10:$J$23<$L$10:$L$23)*($G$10:$G$23=BC$8)))*300+ (SUM(($G$10:$G$23=$AH10)*($J$10:$J$23=$L$10:$L$23)*($O$10:$O$23=BC$8)+($O$10:$O$23=$AH10)*($J$10:$J$23=$L$10:$L$23)*($G$10:$G$23=BC$8)))*100 +SUM(($G$10:$G$23=$AH10)*($J$10:$J$23)*($O$10:$O$23=BC$8)+($O$10:$O$23=$AH10)*($L$10:$L$23)*($G$10:$G$23=BC$8)) -SUM(($G$10:$G$23=$AH10)*($L$10:$L$23)*($O$10:$O$23=BC$8)+($O$10:$O$23=$AH10)*($J$10:$J$23)*($G$10:$G$23=BC$8)) +SUM(($G$10:$G$23=$AH10)*($J$10:$J$23)*($O$10:$O$23=BC$8)+($O$10:$O$23=$AH10)*($L$10:$L$23)*($G$10:$G$23=BC$8))/100} -> 303.03 | BD10: {=(SUM(($G$10:$G$23=$AH10)*($J$10:$J$23>$L$10:$L$23)*($O$10:$O$23=BD$8)+($O$10:$O$23=$AH10)*($J$10:$J$23<$L$10:$L$23)*($G$10:$G$23=BD$8)))*300+ (SUM(($G$10:$G$23=$AH10)*($J$10:$J$23=$L$10:$L$23)*($O$10:$O$23=BD$8)+($O$10:$O$23=$AH10)*($J$10:$J$23=$L$10:$L$23)*($G$10:$G$23=BD$8)))*100 +SUM(($G$10:$G$23=$AH10)*($J$10:$J$23)*($O$10:$O$23=BD$8)+($O$10:$O$23=$AH10)*($L$10:$L$23)*($G$10:$G$23=BD$8)) -SUM(($G$10:$G$23=$AH10)*($L$10:$L$23)*($O$10:$O$23=BD$8)+($O$10:$O$23=$AH10)*($J$10:$J$23)*($G$10:$G$23=BD$8)) +SUM(($G$10:$G$23=$AH10)*($J$10:$J$23)*($O$10:$O$23=BD$8)+($O$10:$O$23=$AH10)*($L$10:$L$23)*($G$10:$G$23=BD$8))/100} -> 100.01
B12: 16 | C12: =VLOOKUP(B12,Aux!M:AH,4,0) -> 45827.125 | D12: =VLOOKUP(B12,Aux!M:AH,4,0) -> 45827.125 | F12: =IFERROR(VLOOKUP(G12,Aux!$A:$X,8,0),"") -> #VALUE! | G12: =VLOOKUP(B12,Aux!M:Y,5,0) -> Al-Ain | H12: =IFERROR(VLOOKUP(G12,Aux!$A:$C,3,0),"") -> #VALUE! | J12: 1 | K12: - | L12: 2 | N12: =IFERROR(VLOOKUP(O12,Aux!$A:$C,3,0),"") -> #VALUE! | O12: =VLOOKUP(B12,Aux!M:Y,6,0) -> Juventus | P12: =IFERROR(VLOOKUP(O12,Aux!$A:$X,8,0),"") -> #VALUE! | R12: =VLOOKUP(B12,Aux!M:Y,7,0) -> Audi Field | T12: =INDEX($AH$10:$AH$17,MATCH(2,$AY$10:$AY$16,0)) -> Juventus | U12: =IFERROR(VLOOKUP(T12,Aux!A:C,3,0),"") -> #VALUE! | W12: =VLOOKUP($T12,$AH$10:$AO$16,3,0) -> 7 | X12: =VLOOKUP($T12,$AH$10:$AO$16,4,0) -> 2 | Y12: =VLOOKUP($T12,$AH$10:$AO$16,5,0) -> 1 | Z12: =VLOOKUP($T12,$AH$10:$AO$16,6,0) -> 0 | AA12: =VLOOKUP($T12,$AH$10:$AO$16,7,0) -> 5 | AB12: =VLOOKUP($T12,$AH$10:$AO$16,8,0) -> 3 | AC12: =AA12-AB12 -> 2 | AG12: 2 | AH12: =VLOOKUP($AH$6&AG12,Aux!Z:AA,2,0) -> Wydad Casablanca | AI12: =AK12+AL12+AM12 -> 3 | AJ12: =AK12*3+AL12 -> 0 | AK12: {=SUM(($G$10:$G$23=$AH12)*($J$10:$J$23>$L$10:$L$23)+($O$10:$O$23=$AH12)*($J$10:$J$23<$L$10:$L$23))} -> 0 | AL12: {=SUM(($G$10:$G$23=$AH12)*($J$10:$J$23=$L$10:$L$23)*($J$10:$J$23<>"")+($O$10:$O$23=$AH12)*($J$10:$J$23=$L$10:$L$23)*($J$10:$J$23<>""))} -> 0 | AM12: {=SUM(($G$10:$G$23=$AH12)*($J$10:$J$23<$L$10:$L$23)+($O$10:$O$23=$AH12)*($J$10:$J$23>$L$10:$L$23))} -> 3 | AN12: {=SUM(($G$10:$G$23=$AH12)*($J$10:$J$23)+($O$10:$O$23=$AH12)*($L$10:$L$23))} -> 1 | AO12: {=SUM(($G$10:$G$23=$AH12)*($L$10:$L$23)+($O$10:$O$23=$AH12)*($J$10:$J$23))} -> 8 | AP12: =AN12-AO12 -> -7 | AQ12: 0 | AR12: =+AW12+AV12+AU12 -> -1e-06 | AU12: =+AJ12 -> 0 | AV12: =SUMIFS($BA12:$BD12,$BA$6:$BD$6,AJ12)/1000 -> 0 | AW12: =SUMIFS($BA12:$BD12,$BA$5:$BD$5,AV12)/1000000 -> -1e-06 | AX12: =_xlfn.RANK.EQ(AJ12,$AJ$10:$AJ$16)+_xlfn.RANK.EQ(AR12,$AR$10:$AR$16)/10+_xlfn.RANK.EQ(AP12,$AP$10:$AP$16)/1000+_xlfn.RANK.EQ(AN12,$AN$10:$AN$16)/100000+_xlfn.RANK.EQ(AQ12,$AQ$10:$AQ$16)/100000+ROW()/1000000 -> 4.404062 | AY12: =_xlfn.RANK.EQ(AX12,$AX$10:$AX$16,1) -> 4 | BA12: {=(SUM(($G$10:$G$23=$AH12)*($J$10:$J$23>$L$10:$L$23)*($O$10:$O$23=BA$8)+($O$10:$O$23=$AH12)*($J$10:$J$23<$L$10:$L$23)*($G$10:$G$23=BA$8)))*300+ (SUM(($G$10:$G$23=$AH12)*($J$10:$J$23=$L$10:$L$23)*($O$10:$O$23=BA$8)+($O$10:$O$23=$AH12)*($J$10:$J$23=$L$10:$L$23)*($G$10:$G$23=BA$8)))*100 +SUM(($G$10:$G$23=$AH12)*($J$10:$J$23)*($O$10:$O$23=BA$8)+($O$10:$O$23=$AH12)*($L$10:$L$23)*($G$10:$G$23=BA$8)) -SUM(($G$10:$G$23=$AH12)*($L$10:$L$23)*($O$10:$O$23=BA$8)+($O$10:$O$23=$AH12)*($J$10:$J$23)*($G$10:$G$23=BA$8)) +SUM(($G$10:$G$23=$AH12)*($J$10:$J$23)*($O$10:$O$23=BA$8)+($O$10:$O$23=$AH12)*($L$10:$L$23)*($G$10:$G$23=BA$8))/100} -> -5 | BB12: {=(SUM(($G$10:$G$23=$AH12)*($J$10:$J$23>$L$10:$L$23)*($O$10:$O$23=BB$8)+($O$10:$O$23=$AH12)*($J$10:$J$23<$L$10:$L$23)*($G$10:$G$23=BB$8)))*300+ (SUM(($G$10:$G$23=$AH12)*($J$10:$J$23=$L$10:$L$23)*($O$10:$O$23=BB$8)+($O$10:$O$23=$AH12)*($J$10:$J$23=$L$10:$L$23)*($G$10:$G$23=BB$8)))*100 +SUM(($G$10:$G$23=$AH12)*($J$10:$J$23)*($O$10:$O$23=BB$8)+($O$10:$O$23=$AH12)*($L$10:$L$23)*($G$10:$G$23=BB$8)) -SUM(($G$10:$G$23=$AH12)*($L$10:$L$23)*($O$10:$O$23=BB$8)+($O$10:$O$23=$AH12)*($J$10:$J$23)*($G$10:$G$23=BB$8)) +SUM(($G$10:$G$23=$AH12)*($J$10:$J$23)*($O$10:$O$23=BB$8)+($O$10:$O$23=$AH12)*($L$10:$L$23)*($G$10:$G$23=BB$8))/100} -> 0 | BC12: {=(SUM(($G$10:$G$23=$AH12)*($J$10:$J$23>$L$10:$L$23)*($O$10:$O$23=BC$8)+($O$10:$O$23=$AH12)*($J$10:$J$23<$L$10:$L$23)*($G$10:$G$23=BC$8)))*300+ (SUM(($G$10:$G$23=$AH12)*($J$10:$J$23=$L$10:$L$23)*($O$10:$O$23=BC$8)+($O$10:$O$23=$AH12)*($J$10:$J$23=$L$10:$L$23)*($G$10:$G$23=BC$8)))*100 +SUM(($G$10:$G$23=$AH12)*($J$10:$J$23)*($O$10:$O$23=BC$8)+($O$10:$O$23=$AH12)*($L$10:$L$23)*($G$10:$G$23=BC$8)) -SUM(($G$10:$G$23=$AH12)*($L$10:$L$23)*($O$10:$O$23=BC$8)+($O$10:$O$23=$AH12)*($J$10:$J$23)*($G$10:$G$23=BC$8)) +SUM(($G$10:$G$23=$AH12)*($J$10:$J$23)*($O$10:$O$23=BC$8)+($O$10:$O$23=$AH12)*($L$10:$L$23)*($G$10:$G$23=BC$8))/100} -> -1 | BD12: {=(SUM(($G$10:$G$23=$AH12)*($J$10:$J$23>$L$10:$L$23)*($O$10:$O$23=BD$8)+($O$10:$O$23=$AH12)*($J$10:$J$23<$L$10:$L$23)*($G$10:$G$23=BD$8)))*300+ (SUM(($G$10:$G$23=$AH12)*($J$10:$J$23=$L$10:$L$23)*($O$10:$O$23=BD$8)+($O$10:$O$23=$AH12)*($J$10:$J$23=$L$10:$L$23)*($G$10:$G$23=BD$8)))*100 +SUM(($G$10:$G$23=$AH12)*($J$10:$J$23)*($O$10:$O$23=BD$8)+($O$10:$O$23=$AH12)*($L$10:$L$23)*($G$10:$G$23=BD$8)) -SUM(($G$10:$G$23=$AH12)*($L$10:$L$23)*($O$10:$O$23=BD$8)+($O$10:$O$23=$AH12)*($J$10:$J$23)*($G$10:$G$23=BD$8)) +SUM(($G$10:$G$23=$AH12)*($J$10:$J$23)*($O$10:$O$23=BD$8)+($O$10:$O$23=$AH12)*($L$10:$L$23)*($G$10:$G$23=BD$8))/100} -> -0.99
B14: 29 | C14: =VLOOKUP(B14,Aux!M:AH,4,0) -> 45830.75 | D14: =VLOOKUP(B14,Aux!M:AH,4,0) -> 45830.75 | F14: =IFERROR(VLOOKUP(G14,Aux!$A:$X,8,0),"") -> #VALUE! | G14: =VLOOKUP(B14,Aux!M:Y,5,0) -> Juventus | H14: =IFERROR(VLOOKUP(G14,Aux!$A:$C,3,0),"") -> #VALUE! | J14: 2 | K14: - | L14: 1 | N14: =IFERROR(VLOOKUP(O14,Aux!$A:$C,3,0),"") -> #VALUE! | O14: =VLOOKUP(B14,Aux!M:Y,6,0) -> Wydad Casablanca | P14: =IFERROR(VLOOKUP(O14,Aux!$A:$X,8,0),"") -> #VALUE! | R14: =VLOOKUP(B14,Aux!M:Y,7,0) -> Lincoln Financial Field | T14: =INDEX($AH$10:$AH$17,MATCH(3,$AY$10:$AY$16,0)) -> Al-Ain | U14: =IFERROR(VLOOKUP(T14,Aux!A:C,3,0),"") -> #VALUE! | W14: =VLOOKUP($T14,$AH$10:$AO$16,3,0) -> 3 | X14: =VLOOKUP($T14,$AH$10:$AO$16,4,0) -> 1 | Y14: =VLOOKUP($T14,$AH$10:$AO$16,5,0) -> 0 | Z14: =VLOOKUP($T14,$AH$10:$AO$16,6,0) -> 2 | AA14: =VLOOKUP($T14,$AH$10:$AO$16,7,0) -> 2 | AB14: =VLOOKUP($T14,$AH$10:$AO$16,8,0) -> 5 | AC14: =AA14-AB14 -> -3 | AG14: 3 | AH14: =VLOOKUP($AH$6&AG14,Aux!Z:AA,2,0) -> Al-Ain | AI14: =AK14+AL14+AM14 -> 3 | AJ14: =AK14*3+AL14 -> 3 | AK14: {=SUM(($G$10:$G$23=$AH14)*($J$10:$J$23>$L$10:$L$23)+($O$10:$O$23=$AH14)*($J$10:$J$23<$L$10:$L$23))} -> 1 | AL14: {=SUM(($G$10:$G$23=$AH14)*($J$10:$J$23=$L$10:$L$23)*($J$10:$J$23<>"")+($O$10:$O$23=$AH14)*($J$10:$J$23=$L$10:$L$23)*($J$10:$J$23<>""))} -> 0 | AM14: {=SUM(($G$10:$G$23=$AH14)*($J$10:$J$23<$L$10:$L$23)+($O$10:$O$23=$AH14)*($J$10:$J$23>$L$10:$L$23))} -> 2 | AN14: {=SUM(($G$10:$G$23=$AH14)*($J$10:$J$23)+($O$10:$O$23=$AH14)*($L$10:$L$23))} -> 2 | AO14: {=SUM(($G$10:$G$23=$AH14)*($L$10:$L$23)+($O$10:$O$23=$AH14)*($J$10:$J$23))} -> 5 | AP14: =AN14-AO14 -> -3 | AQ14: 0 | AR14: =+AW14+AV14+AU14 -> 3.000301 | AU14: =+AJ14 -> 3 | AV14: =SUMIFS($BA14:$BD14,$BA$6:$BD$6,AJ14)/1000 -> 0 | AW14: =SUMIFS($BA14:$BD14,$BA$5:$BD$5,AV14)/1000000 -> 0.00030101 | AX14: =_xlfn.RANK.EQ(AJ14,$AJ$10:$AJ$16)+_xlfn.RANK.EQ(AR14,$AR$10:$AR$16)/10+_xlfn.RANK.EQ(AP14,$AP$10:$AP$16)/1000+_xlfn.RANK.EQ(AN14,$AN$10:$AN$16)/100000+_xlfn.RANK.EQ(AQ14,$AQ$10:$AQ$16)/100000+ROW()/1000000 -> 3.303054 | AY14: =_xlfn.RANK.EQ(AX14,$AX$10:$AX$16,1) -> 3 | BA14: {=(SUM(($G$10:$G$23=$AH14)*($J$10:$J$23>$L$10:$L$23)*($O$10:$O$23=BA$8)+($O$10:$O$23=$AH14)*($J$10:$J$23<$L$10:$L$23)*($G$10:$G$23=BA$8)))*300+ (SUM(($G$10:$G$23=$AH14)*($J$10:$J$23=$L$10:$L$23)*($O$10:$O$23=BA$8)+($O$10:$O$23=$AH14)*($J$10:$J$23=$L$10:$L$23)*($G$10:$G$23=BA$8)))*100 +SUM(($G$10:$G$23=$AH14)*($J$10:$J$23)*($O$10:$O$23=BA$8)+($O$10:$O$23=$AH14)*($L$10:$L$23)*($G$10:$G$23=BA$8)) -SUM(($G$10:$G$23=$AH14)*($L$10:$L$23)*($O$10:$O$23=BA$8)+($O$10:$O$23=$AH14)*($J$10:$J$23)*($G$10:$G$23=BA$8)) +SUM(($G$10:$G$23=$AH14)*($J$10:$J$23)*($O$10:$O$23=BA$8)+($O$10:$O$23=$AH14)*($L$10:$L$23)*($G$10:$G$23=BA$8))/100} -> -3 | BB14: {=(SUM(($G$10:$G$23=$AH14)*($J$10:$J$23>$L$10:$L$23)*($O$10:$O$23=BB$8)+($O$10:$O$23=$AH14)*($J$10:$J$23<$L$10:$L$23)*($G$10:$G$23=BB$8)))*300+ (SUM(($G$10:$G$23=$AH14)*($J$10:$J$23=$L$10:$L$23)*($O$10:$O$23=BB$8)+($O$10:$O$23=$AH14)*($J$10:$J$23=$L$10:$L$23)*($G$10:$G$23=BB$8)))*100 +SUM(($G$10:$G$23=$AH14)*($J$10:$J$23)*($O$10:$O$23=BB$8)+($O$10:$O$23=$AH14)*($L$10:$L$23)*($G$10:$G$23=BB$8)) -SUM(($G$10:$G$23=$AH14)*($L$10:$L$23)*($O$10:$O$23=BB$8)+($O$10:$O$23=$AH14)*($J$10:$J$23)*($G$10:$G$23=BB$8)) +SUM(($G$10:$G$23=$AH14)*($J$10:$J$23)*($O$10:$O$23=BB$8)+($O$10:$O$23=$AH14)*($L$10:$L$23)*($G$10:$G$23=BB$8))/100} -> 301.01 | BC14: {=(SUM(($G$10:$G$23=$AH14)*($J$10:$J$23>$L$10:$L$23)*($O$10:$O$23=BC$8)+($O$10:$O$23=$AH14)*($J$10:$J$23<$L$10:$L$23)*($G$10:$G$23=BC$8)))*300+ (SUM(($G$10:$G$23=$AH14)*($J$10:$J$23=$L$10:$L$23)*($O$10:$O$23=BC$8)+($O$10:$O$23=$AH14)*($J$10:$J$23=$L$10:$L$23)*($G$10:$G$23=BC$8)))*100 +SUM(($G$10:$G$23=$AH14)*($J$10:$J$23)*($O$10:$O$23=BC$8)+($O$10:$O$23=$AH14)*($L$10:$L$23)*($G$10:$G$23=BC$8)) -SUM(($G$10:$G$23=$AH14)*($L$10:$L$23)*($O$10:$O$23=BC$8)+($O$10:$O$23=$AH14)*($J$10:$J$23)*($G$10:$G$23=BC$8)) +SUM(($G$10:$G$23=$AH14)*($J$10:$J$23)*($O$10:$O$23=BC$8)+($O$10:$O$23=$AH14)*($L$10:$L$23)*($G$10:$G$23=BC$8))/100} -> 0 | BD14: {=(SUM(($G$10:$G$23=$AH14)*($J$10:$J$23>$L$10:$L$23)*($O$10:$O$23=BD$8)+($O$10:$O$23=$AH14)*($J$10:$J$23<$L$10:$L$23)*($G$10:$G$23=BD$8)))*300+ (SUM(($G$10:$G$23=$AH14)*($J$10:$J$23=$L$10:$L$23)*($O$10:$O$23=BD$8)+($O$10:$O$23=$AH14)*($J$10:$J$23=$L$10:$L$23)*($G$10:$G$23=BD$8)))*100 +SUM(($G$10:$G$23=$AH14)*($J$10:$J$23)*($O$10:$O$23=BD$8)+($O$10:$O$23=$AH14)*($L$10:$L$23)*($G$10:$G$23=BD$8)) -SUM(($G$10:$G$23=$AH14)*($L$10:$L$23)*($O$10:$O$23=BD$8)+($O$10:$O$23=$AH14)*($J$10:$J$23)*($G$10:$G$23=BD$8)) +SUM(($G$10:$G$23=$AH14)*($J$10:$J$23)*($O$10:$O$23=BD$8)+($O$10:$O$23=$AH14)*($L$10:$L$23)*($G$10:$G$23=BD$8))/100} -> -0.99
B16: 32 | C16: =VLOOKUP(B16,Aux!M:AH,4,0) -> 45831.125 | D16: =VLOOKUP(B16,Aux!M:AH,4,0) -> 45831.125 | F16: =IFERROR(VLOOKUP(G16,Aux!$A:$X,8,0),"") -> #VALUE! | G16: =VLOOKUP(B16,Aux!M:Y,5,0) -> Manchester City | H16: =IFERROR(VLOOKUP(G16,Aux!$A:$C,3,0),"") -> #VALUE! | J16: 3 | K16: - | L16: 0 | N16: =IFERROR(VLOOKUP(O16,Aux!$A:$C,3,0),"") -> #VALUE! | O16: =VLOOKUP(B16,Aux!M:Y,6,0) -> Al-Ain | P16: =IFERROR(VLOOKUP(O16,Aux!$A:$X,8,0),"") -> #VALUE! | R16: =VLOOKUP(B16,Aux!M:Y,7,0) -> Mercedes-Benz Stadium | T16: =INDEX($AH$10:$AH$17,MATCH(4,$AY$10:$AY$16,0)) -> Wydad Casablanca | U16: =IFERROR(VLOOKUP(T16,Aux!A:C,3,0),"") -> #VALUE! | W16: =VLOOKUP($T16,$AH$10:$AO$16,3,0) -> 0 | X16: =VLOOKUP($T16,$AH$10:$AO$16,4,0) -> 0 | Y16: =VLOOKUP($T16,$AH$10:$AO$16,5,0) -> 0 | Z16: =VLOOKUP($T16,$AH$10:$AO$16,6,0) -> 3 | AA16: =VLOOKUP($T16,$AH$10:$AO$16,7,0) -> 1 | AB16: =VLOOKUP($T16,$AH$10:$AO$16,8,0) -> 8 | AC16: =AA16-AB16 -> -7 | AG16: 4 | AH16: =VLOOKUP($AH$6&AG16,Aux!Z:AA,2,0) -> Juventus | AI16: =AK16+AL16+AM16 -> 3 | AJ16: =AK16*3+AL16 -> 7 | AK16: {=SUM(($G$10:$G$23=$AH16)*($J$10:$J$23>$L$10:$L$23)+($O$10:$O$23=$AH16)*($J$10:$J$23<$L$10:$L$23))} -> 2 | AL16: {=SUM(($G$10:$G$23=$AH16)*($J$10:$J$23=$L$10:$L$23)*($J$10:$J$23<>"")+($O$10:$O$23=$AH16)*($J$10:$J$23=$L$10:$L$23)*($J$10:$J$23<>""))} -> 1 | AM16: {=SUM(($G$10:$G$23=$AH16)*($J$10:$J$23<$L$10:$L$23)+($O$10:$O$23=$AH16)*($J$10:$J$23>$L$10:$L$23))} -> 0 | AN16: {=SUM(($G$10:$G$23=$AH16)*($J$10:$J$23)+($O$10:$O$23=$AH16)*($L$10:$L$23))} -> 5 | AO16: {=SUM(($G$10:$G$23=$AH16)*($L$10:$L$23)+($O$10:$O$23=$AH16)*($J$10:$J$23))} -> 3 | AP16: =AN16-AO16 -> 2 | AQ16: 0 | AR16: =+AW16+AV16+AU16 -> 7.10011 | AU16: =+AJ16 -> 7 | AV16: =SUMIFS($BA16:$BD16,$BA$6:$BD$6,AJ16)/1000 -> 0.10001 | AW16: =SUMIFS($BA16:$BD16,$BA$5:$BD$5,AV16)/1000000 -> 0.00010001 | AX16: =_xlfn.RANK.EQ(AJ16,$AJ$10:$AJ$16)+_xlfn.RANK.EQ(AR16,$AR$10:$AR$16)/10+_xlfn.RANK.EQ(AP16,$AP$10:$AP$16)/1000+_xlfn.RANK.EQ(AN16,$AN$10:$AN$16)/100000+_xlfn.RANK.EQ(AQ16,$AQ$10:$AQ$16)/100000+ROW()/1000000 -> 1.102046 | AY16: =_xlfn.RANK.EQ(AX16,$AX$10:$AX$16,1) -> 2 | BA16: {=(SUM(($G$10:$G$23=$AH16)*($J$10:$J$23>$L$10:$L$23)*($O$10:$O$23=BA$8)+($O$10:$O$23=$AH16)*($J$10:$J$23<$L$10:$L$23)*($G$10:$G$23=BA$8)))*300+ (SUM(($G$10:$G$23=$AH16)*($J$10:$J$23=$L$10:$L$23)*($O$10:$O$23=BA$8)+($O$10:$O$23=$AH16)*($J$10:$J$23=$L$10:$L$23)*($G$10:$G$23=BA$8)))*100 +SUM(($G$10:$G$23=$AH16)*($J$10:$J$23)*($O$10:$O$23=BA$8)+($O$10:$O$23=$AH16)*($L$10:$L$23)*($G$10:$G$23=BA$8)) -SUM(($G$10:$G$23=$AH16)*($L$10:$L$23)*($O$10:$O$23=BA$8)+($O$10:$O$23=$AH16)*($J$10:$J$23)*($G$10:$G$23=BA$8)) +SUM(($G$10:$G$23=$AH16)*($J$10:$J$23)*($O$10:$O$23=BA$8)+($O$10:$O$23=$AH16)*($L$10:$L$23)*($G$10:$G$23=BA$8))/100} -> 100.01 | BB16: {=(SUM(($G$10:$G$23=$AH16)*($J$10:$J$23>$L$10:$L$23)*($O$10:$O$23=BB$8)+($O$10:$O$23=$AH16)*($J$10:$J$23<$L$10:$L$23)*($G$10:$G$23=BB$8)))*300+ (SUM(($G$10:$G$23=$AH16)*($J$10:$J$23=$L$10:$L$23)*($O$10:$O$23=BB$8)+($O$10:$O$23=$AH16)*($J$10:$J$23=$L$10:$L$23)*($G$10:$G$23=BB$8)))*100 +SUM(($G$10:$G$23=$AH16)*($J$10:$J$23)*($O$10:$O$23=BB$8)+($O$10:$O$23=$AH16)*($L$10:$L$23)*($G$10:$G$23=BB$8)) -SUM(($G$10:$G$23=$AH16)*($L$10:$L$23)*($O$10:$O$23=BB$8)+($O$10:$O$23=$AH16)*($J$10:$J$23)*($G$10:$G$23=BB$8)) +SUM(($G$10:$G$23=$AH16)*($J$10:$J$23)*($O$10:$O$23=BB$8)+($O$10:$O$23=$AH16)*($L$10:$L$23)*($G$10:$G$23=BB$8))/100} -> 301.02 | BC16: {=(SUM(($G$10:$G$23=$AH16)*($J$10:$J$23>$L$10:$L$23)*($O$10:$O$23=BC$8)+($O$10:$O$23=$AH16)*($J$10:$J$23<$L$10:$L$23)*($G$10:$G$23=BC$8)))*300+ (SUM(($G$10:$G$23=$AH16)*($J$10:$J$23=$L$10:$L$23)*($O$10:$O$23=BC$8)+($O$10:$O$23=$AH16)*($J$10:$J$23=$L$10:$L$23)*($G$10:$G$23=BC$8)))*100 +SUM(($G$10:$G$23=$AH16)*($J$10:$J$23)*($O$10:$O$23=BC$8)+($O$10:$O$23=$AH16)*($L$10:$L$23)*($G$10:$G$23=BC$8)) -SUM(($G$10:$G$23=$AH16)*($L$10:$L$23)*($O$10:$O$23=BC$8)+($O$10:$O$23=$AH16)*($J$10:$J$23)*($G$10:$G$23=BC$8)) +SUM(($G$10:$G$23=$AH16)*($J$10:$J$23)*($O$10:$O$23=BC$8)+($O$10:$O$23=$AH16)*($L$10:$L$23)*($G$10:$G$23=BC$8))/100} -> 301.02 | BD16: {=(SUM(($G$10:$G$23=$AH16)*($J$10:$J$23>$L$10:$L$23)*($O$10:$O$23=BD$8)+($O$10:$O$23=$AH16)*($J$10:$J$23<$L$10:$L$23)*($G$10:$G$23=BD$8)))*300+ (SUM(($G$10:$G$23=$AH16)*($J$10:$J$23=$L$10:$L$23)*($O$10:$O$23=BD$8)+($O$10:$O$23=$AH16)*($J$10:$J$23=$L$10:$L$23)*($G$10:$G$23=BD$8)))*100 +SUM(($G$10:$G$23=$AH16)*($J$10:$J$23)*($O$10:$O$23=BD$8)+($O$10:$O$23=$AH16)*($L$10:$L$23)*($G$10:$G$23=BD$8)) -SUM(($G$10:$G$23=$AH16)*($L$10:$L$23)*($O$10:$O$23=BD$8)+($O$10:$O$23=$AH16)*($J$10:$J$23)*($G$10:$G$23=BD$8)) +SUM(($G$10:$G$23=$AH16)*($J$10:$J$23)*($O$10:$O$23=BD$8)+($O$10:$O$23=$AH16)*($L$10:$L$23)*($G$10:$G$23=BD$8))/100} -> 0
B18: 45 | C18: =VLOOKUP(B18,Aux!M:AH,4,0) -> 45834.875 | D18: =VLOOKUP(B18,Aux!M:AH,4,0) -> 45834.875 | F18: =IFERROR(VLOOKUP(G18,Aux!$A:$X,8,0),"") -> #VALUE! | G18: =VLOOKUP(B18,Aux!M:Y,5,0) -> Juventus | H18: =IFERROR(VLOOKUP(G18,Aux!$A:$C,3,0),"") -> #VALUE! | J18: 1 | K18: - | L18: 1 | N18: =IFERROR(VLOOKUP(O18,Aux!$A:$C,3,0),"") -> #VALUE! | O18: =VLOOKUP(B18,Aux!M:Y,6,0) -> Manchester City | P18: =IFERROR(VLOOKUP(O18,Aux!$A:$X,8,0),"") -> #VALUE! | R18: =VLOOKUP(B18,Aux!M:Y,7,0) -> Camping World Stadium
B20: 46 | C20: =VLOOKUP(B20,Aux!M:AH,4,0) -> 45834.875 | D20: =VLOOKUP(B20,Aux!M:AH,4,0) -> 45834.875 | F20: =IFERROR(VLOOKUP(G20,Aux!$A:$X,8,0),"") -> #VALUE! | G20: =VLOOKUP(B20,Aux!M:Y,5,0) -> Wydad Casablanca | H20: =IFERROR(VLOOKUP(G20,Aux!$A:$C,3,0),"") -> #VALUE! | J20: 0 | K20: - | L20: 1 | N20: =IFERROR(VLOOKUP(O20,Aux!$A:$C,3,0),"") -> #VALUE! | O20: =VLOOKUP(B20,Aux!M:Y,6,0) -> Al-Ain | P20: =IFERROR(VLOOKUP(O20,Aux!$A:$X,8,0),"") -> #VALUE! | R20: =VLOOKUP(B20,Aux!M:Y,7,0) -> Audi Field
W21: Aprendiz de Excel
W23: Vídeo YouTube

Sheet H
A1: Aprendiz de Excel - Mundial de Clubes 2025
AY5: 2º | BA5: =VLOOKUP(BA8,$AH$10:$AW$16,15,0) -> 0 | BB5: =VLOOKUP(BB8,$AH$10:$AW$16,15,0) -> 0 | BC5: =VLOOKUP(BC8,$AH$10:$AW$16,15,0) -> 0 | BD5: =VLOOKUP(BD8,$AH$10:$AW$16,15,0) -> 0
AH6: H | AY6: 1º | BA6: =VLOOKUP(BA8,$AH$10:$AW$16,14,0) -> 9 | BB6: =VLOOKUP(BB8,$AH$10:$AW$16,14,0) -> 4 | BC6: =VLOOKUP(BC8,$AH$10:$AW$16,14,0) -> 2 | BD6: =VLOOKUP(BD8,$AH$10:$AW$16,14,0) -> 1
B7: # | C7: Fechas | D7: Horas | E7: PARTIDOS | R7: Estadios | T7: POSICIONES
W8: Pts. | X8: Gan. | Y8: Emp. | Z8: Per. | AA8: GF | AB8: GC | AC8: Dif. | AH8: País | AI8: J | AJ8: Pts. | AK8: Gan. | AL8: Emp. | AM8: Per. | AN8: GF | AO8: GC | AP8: DG | AQ8: JL | AR8: ED | AU8: 1º Criterio | AV8: 2º Criterio | AW8: 3º Criterio | BA8: =AH10 -> Real Madrid | BB8: =AH12 -> Al-Hilal | BC8: =AH14 -> Pachuca | BD8: =AH16 -> Salzburgo
B9: {=_xlfn.REDUCE("",_xlfn.TAKE(_xlfn._xlws.FILTER(Aux!M:T,Aux!T:T=AH6),,1),_xlfn.LAMBDA(_xlpm.t,_xlpm.p,_xlfn.VSTACK(_xlpm.t,_xlpm.p,"")))}
B10: 14 | C10: =VLOOKUP(B10,Aux!M:AH,4,0) -> 45826.875 | D10: =VLOOKUP(B10,Aux!M:AH,4,0) -> 45826.875 | F10: =IFERROR(VLOOKUP(G10,Aux!$A:$X,8,0),"") -> #VALUE! | G10: =VLOOKUP(B10,Aux!M:Y,5,0) -> Real Madrid | H10: =IFERROR(VLOOKUP(G10,Aux!$A:$C,3,0),"") -> #VALUE! | J10: 3 | K10: - | L10: 0 | N10: =IFERROR(VLOOKUP(O10,Aux!$A:$C,3,0),"") -> #VALUE! | O10: =VLOOKUP(B10,Aux!M:Y,6,0) -> Al-Hilal | P10: =IFERROR(VLOOKUP(O10,Aux!$A:$X,8,0),"") -> #VALUE! | R10: =VLOOKUP(B10,Aux!M:Y,7,0) -> Hard Rock Stadium | T10: =INDEX($AH$10:$AH$17,MATCH(1,$AY$10:$AY$16,0)) -> Real Madrid | U10: =IFERROR(VLOOKUP(T10,Aux!A:C,3,0),"") -> #VALUE! | W10: =VLOOKUP($T10,$AH$10:$AO$16,3,0) -> 9 | X10: =VLOOKUP($T10,$AH$10:$AO$16,4,0) -> 3 | Y10: =VLOOKUP($T10,$AH$10:$AO$16,5,0) -> 0 | Z10: =VLOOKUP($T10,$AH$10:$AO$16,6,0) -> 0 | AA10: =VLOOKUP($T10,$AH$10:$AO$16,7,0) -> 8 | AB10: =VLOOKUP($T10,$AH$10:$AO$16,8,0) -> 1 | AC10: =AA10-AB10 -> 7 | AG10: 1 | AH10: =VLOOKUP($AH$6&AG10,Aux!Z:AA,2,0) -> Real Madrid | AI10: =AK10+AL10+AM10 -> 3 | AJ10: =AK10*3+AL10 -> 9 | AK10: {=SUM(($G$10:$G$23=$AH10)*($J$10:$J$23>$L$10:$L$23)+($O$10:$O$23=$AH10)*($J$10:$J$23<$L$10:$L$23))} -> 3 | AL10: {=SUM(($G$10:$G$23=$AH10)*($J$10:$J$23=$L$10:$L$23)*($J$10:$J$23<>"")+($O$10:$O$23=$AH10)*($J$10:$J$23=$L$10:$L$23)*($J$10:$J$23<>""))} -> 0 | AM10: {=SUM(($G$10:$G$23=$AH10)*($J$10:$J$23<$L$10:$L$23)+($O$10:$O$23=$AH10)*($J$10:$J$23>$L$10:$L$23))} -> 0 | AN10: {=SUM(($G$10:$G$23=$AH10)*($J$10:$J$23)+($O$10:$O$23=$AH10)*($L$10:$L$23))} -> 8 | AO10: {=SUM(($G$10:$G$23=$AH10)*($L$10:$L$23)+($O$10:$O$23=$AH10)*($J$10:$J$23))} -> 1 | AP10: =AN10-AO10 -> 7 | AQ10: 0 | AR10: =+AW10+AV10+AU10 -> 9.0009071 | AU10: =+AJ10 -> 9 | AV10: =SUMIFS($BA10:$BD10,$BA$6:$BD$6,AJ10)/1000 -> 0 | AW10: =SUMIFS($BA10:$BD10,$BA$5:$BD$5,AV10)/1000000 -> 0.00090708 | AX10: =_xlfn.RANK.EQ(AJ10,$AJ$10:$AJ$16)+_xlfn.RANK.EQ(AR10,$AR$10:$AR$16)/10+_xlfn.RANK.EQ(AP10,$AP$10:$AP$16)/1000+_xlfn.RANK.EQ(AN10,$AN$10:$AN$16)/100000+_xlfn.RANK.EQ(AQ10,$AQ$10:$AQ$16)/100000+ROW()/1000000 -> 1.10103 | AY10: =_xlfn.RANK.EQ(AX10,$AX$10:$AX$16,1) -> 1 | BA10: {=(SUM(($G$10:$G$23=$AH10)*($J$10:$J$23>$L$10:$L$23)*($O$10:$O$23=BA$8)+($O$10:$O$23=$AH10)*($J$10:$J$23<$L$10:$L$23)*($G$10:$G$23=BA$8)))*300+ (SUM(($G$10:$G$23=$AH10)*($J$10:$J$23=$L$10:$L$23)*($O$10:$O$23=BA$8)+($O$10:$O$23=$AH10)*($J$10:$J$23=$L$10:$L$23)*($G$10:$G$23=BA$8)))*100 +SUM(($G$10:$G$23=$AH10)*($J$10:$J$23)*($O$10:$O$23=BA$8)+($O$10:$O$23=$AH10)*($L$10:$L$23)*($G$10:$G$23=BA$8)) -SUM(($G$10:$G$23=$AH10)*($L$10:$L$23)*($O$10:$O$23=BA$8)+($O$10:$O$23=$AH10)*($J$10:$J$23)*($G$10:$G$23=BA$8)) +SUM(($G$10:$G$23=$AH10)*($J$10:$J$23)*($O$10:$O$23=BA$8)+($O$10:$O$23=$AH10)*($L$10:$L$23)*($G$10:$G$23=BA$8))/100} -> 0 | BB10: {=(SUM(($G$10:$G$23=$AH10)*($J$10:$J$23>$L$10:$L$23)*($O$10:$O$23=BB$8)+($O$10:$O$23=$AH10)*($J$10:$J$23<$L$10:$L$23)*($G$10:$G$23=BB$8)))*300+ (SUM(($G$10:$G$23=$AH10)*($J$10:$J$23=$L$10:$L$23)*($O$10:$O$23=BB$8)+($O$10:$O$23=$AH10)*($J$10:$J$23=$L$10:$L$23)*($G$10:$G$23=BB$8)))*100 +SUM(($G$10:$G$23=$AH10)*($J$10:$J$23)*($O$10:$O$23=BB$8)+($O$10:$O$23=$AH10)*($L$10:$L$23)*($G$10:$G$23=BB$8)) -SUM(($G$10:$G$23=$AH10)*($L$10:$L$23)*($O$10:$O$23=BB$8)+($O$10:$O$23=$AH10)*($J$10:$J$23)*($G$10:$G$23=BB$8)) +SUM(($G$10:$G$23=$AH10)*($J$10:$J$23)*($O$10:$O$23=BB$8)+($O$10:$O$23=$AH10)*($L$10:$L$23)*($G$10:$G$23=BB$8))/100} -> 303.03 | BC10: {=(SUM(($G$10:$G$23=$AH10)*($J$10:$J$23>$L$10:$L$23)*($O$10:$O$23=BC$8)+($O$10:$O$23=$AH10)*($J$10:$J$23<$L$10:$L$23)*($G$10:$G$23=BC$8)))*300+ (SUM(($G$10:$G$23=$AH10)*($J$10:$J$23=$L$10:$L$23)*($O$10:$O$23=BC$8)+($O$10:$O$23=$AH10)*($J$10:$J$23=$L$10:$L$23)*($G$10:$G$23=BC$8)))*100 +SUM(($G$10:$G$23=$AH10)*($J$10:$J$23)*($O$10:$O$23=BC$8)+($O$10:$O$23=$AH10)*($L$10:$L$23)*($G$10:$G$23=BC$8)) -SUM(($G$10:$G$23=$AH10)*($L$10:$L$23)*($O$10:$O$23=BC$8)+($O$10:$O$23=$AH10)*($J$10:$J$23)*($G$10:$G$23=BC$8)) +SUM(($G$10:$G$23=$AH10)*($J$10:$J$23)*($O$10:$O$23=BC$8)+($O$10:$O$23=$AH10)*($L$10:$L$23)*($G$10:$G$23=BC$8))/100} -> 302.02 | BD10: {=(SUM(($G$10:$G$23=$AH10)*($J$10:$J$23>$L$10:$L$23)*($O$10:$O$23=BD$8)+($O$10:$O$23=$AH10)*($J$10:$J$23<$L$10:$L$23)*($G$10:$G$23=BD$8)))*300+ (SUM(($G$10:$G$23=$AH10)*($J$10:$J$23=$L$10:$L$23)*($O$10:$O$23=BD$8)+($O$10:$O$23=$AH10)*($J$10:$J$23=$L$10:$L$23)*($G$10:$G$23=BD$8)))*100 +SUM(($G$10:$G$23=$AH10)*($J$10:$J$23)*($O$10:$O$23=BD$8)+($O$10:$O$23=$AH10)*($L$10:$L$23)*($G$10:$G$23=BD$8)) -SUM(($G$10:$G$23=$AH10)*($L$10:$L$23)*($O$10:$O$23=BD$8)+($O$10:$O$23=$AH10)*($J$10:$J$23)*($G$10:$G$23=BD$8)) +SUM(($G$10:$G$23=$AH10)*($J$10:$J$23)*($O$10:$O$23=BD$8)+($O$10:$O$23=$AH10)*($L$10:$L$23)*($G$10:$G$23=BD$8))/100} -> 302.03
B12: 15 | C12: =VLOOKUP(B12,Aux!M:AH,4,0) -> 45827 | D12: =VLOOKUP(B12,Aux!M:AH,4,0) -> 45827 | F12: =IFERROR(VLOOKUP(G12,Aux!$A:$X,8,0),"") -> #VALUE! | G12: =VLOOKUP(B12,Aux!M:Y,5,0) -> Pachuca | H12: =IFERROR(VLOOKUP(G12,Aux!$A:$C,3,0),"") -> #VALUE! | J12: 1 | K12: - | L12: 1 | N12: =IFERROR(VLOOKUP(O12,Aux!$A:$C,3,0),"") -> #VALUE! | O12: =VLOOKUP(B12,Aux!M:Y,6,0) -> Salzburgo | P12: =IFERROR(VLOOKUP(O12,Aux!$A:$X,8,0),"") -> #VALUE! | R12: =VLOOKUP(B12,Aux!M:Y,7,0) -> TQL Stadium | T12: =INDEX($AH$10:$AH$17,MATCH(2,$AY$10:$AY$16,0)) -> Al-Hilal | U12: =IFERROR(VLOOKUP(T12,Aux!A:C,3,0),"") -> #VALUE! | W12: =VLOOKUP($T12,$AH$10:$AO$16,3,0) -> 4 | X12: =VLOOKUP($T12,$AH$10:$AO$16,4,0) -> 1 | Y12: =VLOOKUP($T12,$AH$10:$AO$16,5,0) -> 1 | Z12: =VLOOKUP($T12,$AH$10:$AO$16,6,0) -> 1 | AA12: =VLOOKUP($T12,$AH$10:$AO$16,7,0) -> 4 | AB12: =VLOOKUP($T12,$AH$10:$AO$16,8,0) -> 6 | AC12: =AA12-AB12 -> -2 | AG12: 2 | AH12: =VLOOKUP($AH$6&AG12,Aux!Z:AA,2,0) -> Al-Hilal | AI12: =AK12+AL12+AM12 -> 3 | AJ12: =AK12*3+AL12 -> 4 | AK12: {=SUM(($G$10:$G$23=$AH12)*($J$10:$J$23>$L$10:$L$23)+($O$10:$O$23=$AH12)*($J$10:$J$23<$L$10:$L$23))} -> 1 | AL12: {=SUM(($G$10:$G$23=$AH12)*($J$10:$J$23=$L$10:$L$23)*($J$10:$J$23<>"")+($O$10:$O$23=$AH12)*($J$10:$J$23=$L$10:$L$23)*($J$10:$J$23<>""))} -> 1 | AM12: {=SUM(($G$10:$G$23=$AH12)*($J$10:$J$23<$L$10:$L$23)+($O$10:$O$23=$AH12)*($J$10:$J$23>$L$10:$L$23))} -> 1 | AN12: {=SUM(($G$10:$G$23=$AH12)*($J$10:$J$23)+($O$10:$O$23=$AH12)*($L$10:$L$23))} -> 4 | AO12: {=SUM(($G$10:$G$23=$AH12)*($L$10:$L$23)+($O$10:$O$23=$AH12)*($J$10:$J$23))} -> 6 | AP12: =AN12-AO12 -> -2 | AQ12: 0 | AR12: =+AW12+AV12+AU12 -> 4.000398 | AU12: =+AJ12 -> 4 | AV12: =SUMIFS($BA12:$BD12,$BA$6:$BD$6,AJ12)/1000 -> 0 | AW12: =SUMIFS($BA12:$BD12,$BA$5:$BD$5,AV12)/1000000 -> 0.00039804 | AX12: =_xlfn.RANK.EQ(AJ12,$AJ$10:$AJ$16)+_xlfn.RANK.EQ(AR12,$AR$10:$AR$16)/10+_xlfn.RANK.EQ(AP12,$AP$10:$AP$16)/1000+_xlfn.RANK.EQ(AN12,$AN$10:$AN$16)/100000+_xlfn.RANK.EQ(AQ12,$AQ$10:$AQ$16)/100000+ROW()/1000000 -> 2.202042 | AY12: =_xlfn.RANK.EQ(AX12,$AX$10:$AX$16,1) -> 2 | BA12: {=(SUM(($G$10:$G$23=$AH12)*($J$10:$J$23>$L$10:$L$23)*($O$10:$O$23=BA$8)+($O$10:$O$23=$AH12)*($J$10:$J$23<$L$10:$L$23)*($G$10:$G$23=BA$8)))*300+ (SUM(($G$10:$G$23=$AH12)*($J$10:$J$23=$L$10:$L$23)*($O$10:$O$23=BA$8)+($O$10:$O$23=$AH12)*($J$10:$J$23=$L$10:$L$23)*($G$10:$G$23=BA$8)))*100 +SUM(($G$10:$G$23=$AH12)*($J$10:$J$23)*($O$10:$O$23=BA$8)+($O$10:$O$23=$AH12)*($L$10:$L$23)*($G$10:$G$23=BA$8)) -SUM(($G$10:$G$23=$AH12)*($L$10:$L$23)*($O$10:$O$23=BA$8)+($O$10:$O$23=$AH12)*($J$10:$J$23)*($G$10:$G$23=BA$8)) +SUM(($G$10:$G$23=$AH12)*($J$10:$J$23)*($O$10:$O$23=BA$8)+($O$10:$O$23=$AH12)*($L$10:$L$23)*($G$10:$G$23=BA$8))/100} -> -3 | BB12: {=(SUM(($G$10:$G$23=$AH12)*($J$10:$J$23>$L$10:$L$23)*($O$10:$O$23=BB$8)+($O$10:$O$23=$AH12)*($J$10:$J$23<$L$10:$L$23)*($G$10:$G$23=BB$8)))*300+ (SUM(($G$10:$G$23=$AH12)*($J$10:$J$23=$L$10:$L$23)*($O$10:$O$23=BB$8)+($O$10:$O$23=$AH12)*($J$10:$J$23=$L$10:$L$23)*($G$10:$G$23=BB$8)))*100 +SUM(($G$10:$G$23=$AH12)*($J$10:$J$23)*($O$10:$O$23=BB$8)+($O$10:$O$23=$AH12)*($L$10:$L$23)*($G$10:$G$23=BB$8)) -SUM(($G$10:$G$23=$AH12)*($L$10:$L$23)*($O$10:$O$23=BB$8)+($O$10:$O$23=$AH12)*($J$10:$J$23)*($G$10:$G$23=BB$8)) +SUM(($G$10:$G$23=$AH12)*($J$10:$J$23)*($O$10:$O$23=BB$8)+($O$10:$O$23=$AH12)*($L$10:$L$23)*($G$10:$G$23=BB$8))/100} -> 0 | BC12: {=(SUM(($G$10:$G$23=$AH12)*($J$10:$J$23>$L$10:$L$23)*($O$10:$O$23=BC$8)+($O$10:$O$23=$AH12)*($J$10:$J$23<$L$10:$L$23)*($G$10:$G$23=BC$8)))*300+ (SUM(($G$10:$G$23=$AH12)*($J$10:$J$23=$L$10:$L$23)*($O$10:$O$23=BC$8)+($O$10:$O$23=$AH12)*($J$10:$J$23=$L$10:$L$23)*($G$10:$G$23=BC$8)))*100 +SUM(($G$10:$G$23=$AH12)*($J$10:$J$23)*($O$10:$O$23=BC$8)+($O$10:$O$23=$AH12)*($L$10:$L$23)*($G$10:$G$23=BC$8)) -SUM(($G$10:$G$23=$AH12)*($L$10:$L$23)*($O$10:$O$23=BC$8)+($O$10:$O$23=$AH12)*($J$10:$J$23)*($G$10:$G$23=BC$8)) +SUM(($G$10:$G$23=$AH12)*($J$10:$J$23)*($O$10:$O$23=BC$8)+($O$10:$O$23=$AH12)*($L$10:$L$23)*($G$10:$G$23=BC$8))/100} -> 100.02 | BD12: {=(SUM(($G$10:$G$23=$AH12)*($J$10:$J$23>$L$10:$L$23)*($O$10:$O$23=BD$8)+($O$10:$O$23=$AH12)*($J$10:$J$23<$L$10:$L$23)*($G$10:$G$23=BD$8)))*300+ (SUM(($G$10:$G$23=$AH12)*($J$10:$J$23=$L$10:$L$23)*($O$10:$O$23=BD$8)+($O$10:$O$23=$AH12)*($J$10:$J$23=$L$10:$L$23)*($G$10:$G$23=BD$8)))*100 +SUM(($G$10:$G$23=$AH12)*($J$10:$J$23)*($O$10:$O$23=BD$8)+($O$10:$O$23=$AH12)*($L$10:$L$23)*($G$10:$G$23=BD$8)) -SUM(($G$10:$G$23=$AH12)*($L$10:$L$23)*($O$10:$O$23=BD$8)+($O$10:$O$23=$AH12)*($J$10:$J$23)*($G$10:$G$23=BD$8)) +SUM(($G$10:$G$23=$AH12)*($J$10:$J$23)*($O$10:$O$23=BD$8)+($O$10:$O$23=$AH12)*($L$10:$L$23)*($G$10:$G$23=BD$8))/100} -> 301.02
B14: 30 | C14: =VLOOKUP(B14,Aux!M:AH,4,0) -> 45830.875 | D14: =VLOOKUP(B14,Aux!M:AH,4,0) -> 45830.875 | F14: =IFERROR(VLOOKUP(G14,Aux!$A:$X,8,0),"") -> #VALUE! | G14: =VLOOKUP(B14,Aux!M:Y,5,0) -> Real Madrid | H14: =IFERROR(VLOOKUP(G14,Aux!$A:$C,3,0),"") -> #VALUE! | J14: 2 | K14: - | L14: 0 | N14: =IFERROR(VLOOKUP(O14,Aux!$A:$C,3,0),"") -> #VALUE! | O14: =VLOOKUP(B14,Aux!M:Y,6,0) -> Pachuca | P14: =IFERROR(VLOOKUP(O14,Aux!$A:$X,8,0),"") -> #VALUE! | R14: =VLOOKUP(B14,Aux!M:Y,7,0) -> Bank of America Stadium | T14: =INDEX($AH$10:$AH$17,MATCH(3,$AY$10:$AY$16,0)) -> Pachuca | U14: =IFERROR(VLOOKUP(T14,Aux!A:C,3,0),"") -> #VALUE! | W14: =VLOOKUP($T14,$AH$10:$AO$16,3,0) -> 2 | X14: =VLOOKUP($T14,$AH$10:$AO$16,4,0) -> 0 | Y14: =VLOOKUP($T14,$AH$10:$AO$16,5,0) -> 2 | Z14: =VLOOKUP($T14,$AH$10:$AO$16,6,0) -> 1 | AA14: =VLOOKUP($T14,$AH$10:$AO$16,7,0) -> 3 | AB14: =VLOOKUP($T14,$AH$10:$AO$16,8,0) -> 5 | AC14: =AA14-AB14 -> -2 | AG14: 3 | AH14: =VLOOKUP($AH$6&AG14,Aux!Z:AA,2,0) -> Pachuca | AI14: =AK14+AL14+AM14 -> 3 | AJ14: =AK14*3+AL14 -> 2 | AK14: {=SUM(($G$10:$G$23=$AH14)*($J$10:$J$23>$L$10:$L$23)+($O$10:$O$23=$AH14)*($J$10:$J$23<$L$10:$L$23))} -> 0 | AL14: {=SUM(($G$10:$G$23=$AH14)*($J$10:$J$23=$L$10:$L$23)*($J$10:$J$23<>"")+($O$10:$O$23=$AH14)*($J$10:$J$23=$L$10:$L$23)*($J$10:$J$23<>""))} -> 2 | AM14: {=SUM(($G$10:$G$23=$AH14)*($J$10:$J$23<$L$10:$L$23)+($O$10:$O$23=$AH14)*($J$10:$J$23>$L$10:$L$23))} -> 1 | AN14: {=SUM(($G$10:$G$23=$AH14)*($J$10:$J$23)+($O$10:$O$23=$AH14)*($L$10:$L$23))} -> 3 | AO14: {=SUM(($G$10:$G$23=$AH14)*($L$10:$L$23)+($O$10:$O$23=$AH14)*($J$10:$J$23))} -> 5 | AP14: =AN14-AO14 -> -2 | AQ14: 0 | AR14: =+AW14+AV14+AU14 -> 2.000198 | AU14: =+AJ14 -> 2 | AV14: =SUMIFS($BA14:$BD14,$BA$6:$BD$6,AJ14)/1000 -> 0 | AW14: =SUMIFS($BA14:$BD14,$BA$5:$BD$5,AV14)/1000000 -> 0.00019803 | AX14: =_xlfn.RANK.EQ(AJ14,$AJ$10:$AJ$16)+_xlfn.RANK.EQ(AR14,$AR$10:$AR$16)/10+_xlfn.RANK.EQ(AP14,$AP$10:$AP$16)/1000+_xlfn.RANK.EQ(AN14,$AN$10:$AN$16)/100000+_xlfn.RANK.EQ(AQ14,$AQ$10:$AQ$16)/100000+ROW()/1000000 -> 3.302054 | AY14: =_xlfn.RANK.EQ(AX14,$AX$10:$AX$16,1) -> 3 | BA14: {=(SUM(($G$10:$G$23=$AH14)*($J$10:$J$23>$L$10:$L$23)*($O$10:$O$23=BA$8)+($O$10:$O$23=$AH14)*($J$10:$J$23<$L$10:$L$23)*($G$10:$G$23=BA$8)))*300+ (SUM(($G$10:$G$23=$AH14)*($J$10:$J$23=$L$10:$L$23)*($O$10:$O$23=BA$8)+($O$10:$O$23=$AH14)*($J$10:$J$23=$L$10:$L$23)*($G$10:$G$23=BA$8)))*100 +SUM(($G$10:$G$23=$AH14)*($J$10:$J$23)*($O$10:$O$23=BA$8)+($O$10:$O$23=$AH14)*($L$10:$L$23)*($G$10:$G$23=BA$8)) -SUM(($G$10:$G$23=$AH14)*($L$10:$L$23)*($O$10:$O$23=BA$8)+($O$10:$O$23=$AH14)*($J$10:$J$23)*($G$10:$G$23=BA$8)) +SUM(($G$10:$G$23=$AH14)*($J$10:$J$23)*($O$10:$O$23=BA$8)+($O$10:$O$23=$AH14)*($L$10:$L$23)*($G$10:$G$23=BA$8))/100} -> -2 | BB14: {=(SUM(($G$10:$G$23=$AH14)*($J$10:$J$23>$L$10:$L$23)*($O$10:$O$23=BB$8)+($O$10:$O$23=$AH14)*($J$10:$J$23<$L$10:$L$23)*($G$10:$G$23=BB$8)))*300+ (SUM(($G$10:$G$23=$AH14)*($J$10:$J$23=$L$10:$L$23)*($O$10:$O$23=BB$8)+($O$10:$O$23=$AH14)*($J$10:$J$23=$L$10:$L$23)*($G$10:$G$23=BB$8)))*100 +SUM(($G$10:$G$23=$AH14)*($J$10:$J$23)*($O$10:$O$23=BB$8)+($O$10:$O$23=$AH14)*($L$10:$L$23)*($G$10:$G$23=BB$8)) -SUM(($G$10:$G$23=$AH14)*($L$10:$L$23)*($O$10:$O$23=BB$8)+($O$10:$O$23=$AH14)*($J$10:$J$23)*($G$10:$G$23=BB$8)) +SUM(($G$10:$G$23=$AH14)*($J$10:$J$23)*($O$10:$O$23=BB$8)+($O$10:$O$23=$AH14)*($L$10:$L$23)*($G$10:$G$23=BB$8))/100} -> 100.02 | BC14: {=(SUM(($G$10:$G$23=$AH14)*($J$10:$J$23>$L$10:$L$23)*($O$10:$O$23=BC$8)+($O$10:$O$23=$AH14)*($J$10:$J$23<$L$10:$L$23)*($G$10:$G$23=BC$8)))*300+ (SUM(($G$10:$G$23=$AH14)*($J$10:$J$23=$L$10:$L$23)*($O$10:$O$23=BC$8)+($O$10:$O$23=$AH14)*($J$10:$J$23=$L$10:$L$23)*($G$10:$G$23=BC$8)))*100 +SUM(($G$10:$G$23=$AH14)*($J$10:$J$23)*($O$10:$O$23=BC$8)+($O$10:$O$23=$AH14)*($L$10:$L$23)*($G$10:$G$23=BC$8)) -SUM(($G$10:$G$23=$AH14)*($L$10:$L$23)*($O$10:$O$23=BC$8)+($O$10:$O$23=$AH14)*($J$10:$J$23)*($G$10:$G$23=BC$8)) +SUM(($G$10:$G$23=$AH14)*($J$10:$J$23)*($O$10:$O$23=BC$8)+($O$10:$O$23=$AH14)*($L$10:$L$23)*($G$10:$G$23=BC$8))/100} -> 0 | BD14: {=(SUM(($G$10:$G$23=$AH14)*($J$10:$J$23>$L$10:$L$23)*($O$10:$O$23=BD$8)+($O$10:$O$23=$AH14)*($J$10:$J$23<$L$10:$L$23)*($G$10:$G$23=BD$8)))*300+ (SUM(($G$10:$G$23=$AH14)*($J$10:$J$23=$L$10:$L$23)*($O$10:$O$23=BD$8)+($O$10:$O$23=$AH14)*($J$10:$J$23=$L$10:$L$23)*($G$10:$G$23=BD$8)))*100 +SUM(($G$10:$G$23=$AH14)*($J$10:$J$23)*($O$10:$O$23=BD$8)+($O$10:$O$23=$AH14)*($L$10:$L$23)*($G$10:$G$23=BD$8)) -SUM(($G$10:$G$23=$AH14)*($L$10:$L$23)*($O$10:$O$23=BD$8)+($O$10:$O$23=$AH14)*($J$10:$J$23)*($G$10:$G$23=BD$8)) +SUM(($G$10:$G$23=$AH14)*($J$10:$J$23)*($O$10:$O$23=BD$8)+($O$10:$O$23=$AH14)*($L$10:$L$23)*($G$10:$G$23=BD$8))/100} -> 100.01
B16: 31 | C16: =VLOOKUP(B16,Aux!M:AH,4,0) -> 45831 | D16: =VLOOKUP(B16,Aux!M:AH,4,0) -> 45831 | F16: =IFERROR(VLOOKUP(G16,Aux!$A:$X,8,0),"") -> #VALUE! | G16: =VLOOKUP(B16,Aux!M:Y,5,0) -> Salzburgo | H16: =IFERROR(VLOOKUP(G16,Aux!$A:$C,3,0),"") -> #VALUE! | J16: 1 | K16: - | L16: 2 | N16: =IFERROR(VLOOKUP(O16,Aux!$A:$C,3,0),"") -> #VALUE! | O16: =VLOOKUP(B16,Aux!M:Y,6,0) -> Al-Hilal | P16: =IFERROR(VLOOKUP(O16,Aux!$A:$X,8,0),"") -> #VALUE! | R16: =VLOOKUP(B16,Aux!M:Y,7,0) -> Audi Field | T16: =INDEX($AH$10:$AH$17,MATCH(4,$AY$10:$AY$16,0)) -> Salzburgo | U16: =IFERROR(VLOOKUP(T16,Aux!A:C,3,0),"") -> #VALUE! | W16: =VLOOKUP($T16,$AH$10:$AO$16,3,0) -> 1 | X16: =VLOOKUP($T16,$AH$10:$AO$16,4,0) -> 0 | Y16: =VLOOKUP($T16,$AH$10:$AO$16,5,0) -> 1 | Z16: =VLOOKUP($T16,$AH$10:$AO$16,6,0) -> 2 | AA16: =VLOOKUP($T16,$AH$10:$AO$16,7,0) -> 3 | AB16: =VLOOKUP($T16,$AH$10:$AO$16,8,0) -> 6 | AC16: =AA16-AB16 -> -3 | AG16: 4 | AH16: =VLOOKUP($AH$6&AG16,Aux!Z:AA,2,0) -> Salzburgo | AI16: =AK16+AL16+AM16 -> 3 | AJ16: =AK16*3+AL16 -> 1 | AK16: {=SUM(($G$10:$G$23=$AH16)*($J$10:$J$23>$L$10:$L$23)+($O$10:$O$23=$AH16)*($J$10:$J$23<$L$10:$L$23))} -> 0 | AL16: {=SUM(($G$10:$G$23=$AH16)*($J$10:$J$23=$L$10:$L$23)*($J$10:$J$23<>"")+($O$10:$O$23=$AH16)*($J$10:$J$23=$L$10:$L$23)*($J$10:$J$23<>""))} -> 1 | AM16: {=SUM(($G$10:$G$23=$AH16)*($J$10:$J$23<$L$10:$L$23)+($O$10:$O$23=$AH16)*($J$10:$J$23>$L$10:$L$23))} -> 2 | AN16: {=SUM(($G$10:$G$23=$AH16)*($J$10:$J$23)+($O$10:$O$23=$AH16)*($L$10:$L$23))} -> 3 | AO16: {=SUM(($G$10:$G$23=$AH16)*($L$10:$L$23)+($O$10:$O$23=$AH16)*($J$10:$J$23))} -> 6 | AP16: =AN16-AO16 -> -3 | AQ16: 0 | AR16: =+AW16+AV16+AU16 -> 1.000097 | AU16: =+AJ16 -> 1 | AV16: =SUMIFS($BA16:$BD16,$BA$6:$BD$6,AJ16)/1000 -> 0 | AW16: =SUMIFS($BA16:$BD16,$BA$5:$BD$5,AV16)/1000000 -> 9.703e-05 | AX16: =_xlfn.RANK.EQ(AJ16,$AJ$10:$AJ$16)+_xlfn.RANK.EQ(AR16,$AR$10:$AR$16)/10+_xlfn.RANK.EQ(AP16,$AP$10:$AP$16)/1000+_xlfn.RANK.EQ(AN16,$AN$10:$AN$16)/100000+_xlfn.RANK.EQ(AQ16,$AQ$10:$AQ$16)/100000+ROW()/1000000 -> 4.404056 | AY16: =_xlfn.RANK.EQ(AX16,$AX$10:$AX$16,1) -> 4 | BA16: {=(SUM(($G$10:$G$23=$AH16)*($J$10:$J$23>$L$10:$L$23)*($O$10:$O$23=BA$8)+($O$10:$O$23=$AH16)*($J$10:$J$23<$L$10:$L$23)*($G$10:$G$23=BA$8)))*300+ (SUM(($G$10:$G$23=$AH16)*($J$10:$J$23=$L$10:$L$23)*($O$10:$O$23=BA$8)+($O$10:$O$23=$AH16)*($J$10:$J$23=$L$10:$L$23)*($G$10:$G$23=BA$8)))*100 +SUM(($G$10:$G$23=$AH16)*($J$10:$J$23)*($O$10:$O$23=BA$8)+($O$10:$O$23=$AH16)*($L$10:$L$23)*($G$10:$G$23=BA$8)) -SUM(($G$10:$G$23=$AH16)*($L$10:$L$23)*($O$10:$O$23=BA$8)+($O$10:$O$23=$AH16)*($J$10:$J$23)*($G$10:$G$23=BA$8)) +SUM(($G$10:$G$23=$AH16)*($J$10:$J$23)*($O$10:$O$23=BA$8)+($O$10:$O$23=$AH16)*($L$10:$L$23)*($G$10:$G$23=BA$8))/100} -> -1.99 | BB16: {=(SUM(($G$10:$G$23=$AH16)*($J$10:$J$23>$L$10:$L$23)*($O$10:$O$23=BB$8)+($O$10:$O$23=$AH16)*($J$10:$J$23<$L$10:$L$23)*($G$10:$G$23=BB$8)))*300+ (SUM(($G$10:$G$23=$AH16)*($J$10:$J$23=$L$10:$L$23)*($O$10:$O$23=BB$8)+($O$10:$O$23=$AH16)*($J$10:$J$23=$L$10:$L$23)*($G$10:$G$23=BB$8)))*100 +SUM(($G$10:$G$23=$AH16)*($J$10:$J$23)*($O$10:$O$23=BB$8)+($O$10:$O$23=$AH16)*($L$10:$L$23)*($G$10:$G$23=BB$8)) -SUM(($G$10:$G$23=$AH16)*($L$10:$L$23)*($O$10:$O$23=BB$8)+($O$10:$O$23=$AH16)*($J$10:$J$23)*($G$10:$G$23=BB$8)) +SUM(($G$10:$G$23=$AH16)*($J$10:$J$23)*($O$10:$O$23=BB$8)+($O$10:$O$23=$AH16)*($L$10:$L$23)*($G$10:$G$23=BB$8))/100} -> -0.99 | BC16: {=(SUM(($G$10:$G$23=$AH16)*($J$10:$J$23>$L$10:$L$23)*($O$10:$O$23=BC$8)+($O$10:$O$23=$AH16)*($J$10:$J$23<$L$10:$L$23)*($G$10:$G$23=BC$8)))*300+ (SUM(($G$10:$G$23=$AH16)*($J$10:$J$23=$L$10:$L$23)*($O$10:$O$23=BC$8)+($O$10:$O$23=$AH16)*($J$10:$J$23=$L$10:$L$23)*($G$10:$G$23=BC$8)))*100 +SUM(($G$10:$G$23=$AH16)*($J$10:$J$23)*($O$10:$O$23=BC$8)+($O$10:$O$23=$AH16)*($L$10:$L$23)*($G$10:$G$23=BC$8)) -SUM(($G$10:$G$23=$AH16)*($L$10:$L$23)*($O$10:$O$23=BC$8)+($O$10:$O$23=$AH16)*($J$10:$J$23)*($G$10:$G$23=BC$8)) +SUM(($G$10:$G$23=$AH16)*($J$10:$J$23)*($O$10:$O$23=BC$8)+($O$10:$O$23=$AH16)*($L$10:$L$23)*($G$10:$G$23=BC$8))/100} -> 100.01 | BD16: {=(SUM(($G$10:$G$23=$AH16)*($J$10:$J$23>$L$10:$L$23)*($O$10:$O$23=BD$8)+($O$10:$O$23=$AH16)*($J$10:$J$23<$L$10:$L$23)*($G$10:$G$23=BD$8)))*300+ (SUM(($G$10:$G$23=$AH16)*($J$10:$J$23=$L$10:$L$23)*($O$10:$O$23=BD$8)+($O$10:$O$23=$AH16)*($J$10:$J$23=$L$10:$L$23)*($G$10:$G$23=BD$8)))*100 +SUM(($G$10:$G$23=$AH16)*($J$10:$J$23)*($O$10:$O$23=BD$8)+($O$10:$O$23=$AH16)*($L$10:$L$23)*($G$10:$G$23=BD$8)) -SUM(($G$10:$G$23=$AH16)*($L$10:$L$23)*($O$10:$O$23=BD$8)+($O$10:$O$23=$AH16)*($J$10:$J$23)*($G$10:$G$23=BD$8)) +SUM(($G$10:$G$23=$AH16)*($J$10:$J$23)*($O$10:$O$23=BD$8)+($O$10:$O$23=$AH16)*($L$10:$L$23)*($G$10:$G$23=BD$8))/100} -> 0
B18: 47 | C18: =VLOOKUP(B18,Aux!M:AH,4,0) -> 45835.125 | D18: =VLOOKUP(B18,Aux!M:AH,4,0) -> 45835.125 | F18: =IFERROR(VLOOKUP(G18,Aux!$A:$X,8,0),"") -> #VALUE! | G18: =VLOOKUP(B18,Aux!M:Y,5,0) -> Al-Hilal | H18: =IFERROR(VLOOKUP(G18,Aux!$A:$C,3,0),"") -> #VALUE! | J18: 2 | K18: - | L18: 2 | N18: =IFERROR(VLOOKUP(O18,Aux!$A:$C,3,0),"") -> #VALUE! | O18: =VLOOKUP(B18,Aux!M:Y,6,0) -> Pachuca | P18: =IFERROR(VLOOKUP(O18,Aux!$A:$X,8,0),"") -> #VALUE! | R18: =VLOOKUP(B18,Aux!M:Y,7,0) -> Geodis Park
B20: 48 | C20: =VLOOKUP(B20,Aux!M:AH,4,0) -> 45835.125 | D20: =VLOOKUP(B20,Aux!M:AH,4,0) -> 45835.125 | F20: =IFERROR(VLOOKUP(G20,Aux!$A:$X,8,0),"") -> #VALUE! | G20: =VLOOKUP(B20,Aux!M:Y,5,0) -> Salzburgo | H20: =IFERROR(VLOOKUP(G20,Aux!$A:$C,3,0),"") -> #VALUE! | J20: 1 | K20: - | L20: 3 | N20: =IFERROR(VLOOKUP(O20,Aux!$A:$C,3,0),"") -> #VALUE! | O20: =VLOOKUP(B20,Aux!M:Y,6,0) -> Real Madrid | P20: =IFERROR(VLOOKUP(O20,Aux!$A:$X,8,0),"") -> #VALUE! | R20: =VLOOKUP(B20,Aux!M:Y,7,0) -> Lincoln Financial Field
W21: Aprendiz de Excel
W23: Vídeo YouTube

Sheet Octavos
A1: Aprendiz de Excel - Mundial de Clubes 2025
X4: Aprendiz de Excel
X6: Vídeo YouTube
C8: # | D8: Fechas | E8: Horas | H8: OCTAVOS | S8: Estadios | U8: Ganadores
A10: 1A | B10: 2B | C10: 49 | D10: =VLOOKUP(C10,Aux!M:AH,4,0) -> 45836.75 | E10: =VLOOKUP(C10,Aux!M:AH,4,0) -> 45836.75 | G10: =IFERROR(VLOOKUP(H10,Aux!$A:$X,8,0),"") -> #VALUE! | H10: {=INDIRECT(RIGHT(A10,1)&"!T"&8+LEFT(A10,1)*2)} -> Palmeiras | I10: =IFERROR(VLOOKUP(H10,Aux!$A:$C,3,0),"") -> #VALUE! | K10: 1 | L10: - | M10: 1 | O10: =IFERROR(VLOOKUP(P10,Aux!$A:$C,3,0),"") -> #VALUE! | P10: {=INDIRECT(RIGHT(B10,1)&"!T"&8+LEFT(B10,1)*2)} -> Atlético de Madrid | Q10: =IFERROR(VLOOKUP(P10,Aux!$A:$X,8,0),"") -> #VALUE! | S10: =+VLOOKUP(C10,Aux!M:AZ,7,0) -> Lincoln Financial Field | U10: =IF(OR(K10="",M10=""),"",IF(K10>M10,H10,IF(K10<M10,P10,IF(OR(K11="",M11=""),"",IF(K11=M11,"",IF(K11>M11,H10,P10)))))) -> Atlético de Madrid
H11: Penaltis | K11: 2 | L11: - | M11: 3
A13: 1C | B13: 2D | C13: =C10+1 -> 50 | D13: =VLOOKUP(C13,Aux!M:AH,4,0) -> 45836.917 | E13: =VLOOKUP(C13,Aux!M:AH,4,0) -> 45836.917 | G13: =IFERROR(VLOOKUP(H13,Aux!$A:$X,8,0),"") -> #VALUE! | H13: {=INDIRECT(RIGHT(A13,1)&"!T"&8+LEFT(A13,1)*2)} -> Bayern Múnich | I13: =IFERROR(VLOOKUP(H13,Aux!$A:$C,3,0),"") -> #VALUE! | K13: 3 | L13: - | M13: 1 | O13: =IFERROR(VLOOKUP(P13,Aux!$A:$C,3,0),"") -> #VALUE! | P13: {=INDIRECT(RIGHT(B13,1)&"!T"&8+LEFT(B13,1)*2)} -> Flamengo | Q13: =IFERROR(VLOOKUP(P13,Aux!$A:$X,8,0),"") -> #VALUE! | S13: =+VLOOKUP(C13,Aux!M:AZ,7,0) -> Bank of America Stadium | U13: =IF(OR(K13="",M13=""),"",IF(K13>M13,H13,IF(K13<M13,P13,IF(OR(K14="",M14=""),"",IF(K14=M14,"",IF(K14>M14,H13,P13)))))) -> Bayern Múnich
H14: Penaltis | L14: -
A16: 1E | B16: 2F | C16: 53 | D16: =VLOOKUP(C16,Aux!M:AH,4,0) -> 45838.875 | E16: =VLOOKUP(C16,Aux!M:AH,4,0) -> 45838.875 | G16: =IFERROR(VLOOKUP(H16,Aux!$A:$X,8,0),"") -> #VALUE! | H16: {=INDIRECT(RIGHT(A16,1)&"!T"&8+LEFT(A16,1)*2)} -> River Plate | I16: =IFERROR(VLOOKUP(H16,Aux!$A:$C,3,0),"") -> #VALUE! | K16: 1 | L16: - | M16: 1 | O16: =IFERROR(VLOOKUP(P16,Aux!$A:$C,3,0),"") -> #VALUE! | P16: {=INDIRECT(RIGHT(B16,1)&"!T"&8+LEFT(B16,1)*2)} -> Fluminense | Q16: =IFERROR(VLOOKUP(P16,Aux!$A:$X,8,0),"") -> #VALUE! | S16: =+VLOOKUP(C16,Aux!M:AZ,7,0) -> Bank of America Stadium | U16: =IF(OR(K16="",M16=""),"",IF(K16>M16,H16,IF(K16<M16,P16,IF(OR(K17="",M17=""),"",IF(K17=M17,"",IF(K17>M17,H16,P16)))))) -> River Plate
H17: Penaltis | K17: 4 | L17: - | M17: 3
A19: 1G | B19: 2H | C19: =+C16+1 -> 54 | D19: =VLOOKUP(C19,Aux!M:AH,4,0) -> 45839.125 | E19: =VLOOKUP(C19,Aux!M:AH,4,0) -> 45839.125 | G19: =IFERROR(VLOOKUP(H19,Aux!$A:$X,8,0),"") -> #VALUE! | H19: {=INDIRECT(RIGHT(A19,1)&"!T"&8+LEFT(A19,1)*2)} -> Manchester City | I19: =IFERROR(VLOOKUP(H19,Aux!$A:$C,3,0),"") -> #VALUE! | K19: 2 | L19: - | M19: 0 | O19: =IFERROR(VLOOKUP(P19,Aux!$A:$C,3,0),"") -> #VALUE! | P19: {=INDIRECT(RIGHT(B19,1)&"!T"&8+LEFT(B19,1)*2)} -> Al-Hilal | Q19: =IFERROR(VLOOKUP(P19,Aux!$A:$X,8,0),"") -> #VALUE! | S19: =+VLOOKUP(C19,Aux!M:AZ,7,0) -> Camping World Stadium | U19: =IF(OR(K19="",M19=""),"",IF(K19>M19,H19,IF(K19<M19,P19,IF(OR(K20="",M20=""),"",IF(K20=M20,"",IF(K20>M20,H19,P19)))))) -> Manchester City
H20: Penaltis | L20: -
A22: 1B | B22: 2A | C22: 51 | D22: =VLOOKUP(C22,Aux!M:AH,4,0) -> 45837.75 | E22: =VLOOKUP(C22,Aux!M:AH,4,0) -> 45837.75 | G22: =IFERROR(VLOOKUP(H22,Aux!$A:$X,8,0),"") -> #VALUE! | H22: {=INDIRECT(RIGHT(A22,1)&"!T"&8+LEFT(A22,1)*2)} -> Paris Saint-Germain | I22: =IFERROR(VLOOKUP(H22,Aux!$A:$C,3,0),"") -> #VALUE! | K22: 2 | L22: - | M22: 0 | O22: =IFERROR(VLOOKUP(P22,Aux!$A:$C,3,0),"") -> #VALUE! | P22: {=INDIRECT(RIGHT(B22,1)&"!T"&8+LEFT(B22,1)*2)} -> Porto | Q22: =IFERROR(VLOOKUP(P22,Aux!$A:$X,8,0),"") -> #VALUE! | S22: =+VLOOKUP(C22,Aux!M:AZ,7,0) -> Mercedes-Benz Stadium | U22: =IF(OR(K22="",M22=""),"",IF(K22>M22,H22,IF(K22<M22,P22,IF(OR(K23="",M23=""),"",IF(K23=M23,"",IF(K23>M23,H22,P22)))))) -> Paris Saint-Germain
H23: Penaltis | L23: -
A25: 1D | B25: 2C | C25: =C22+1 -> 52 | D25: =VLOOKUP(C25,Aux!M:AH,4,0) -> 45837.917 | E25: =VLOOKUP(C25,Aux!M:AH,4,0) -> 45837.917 | G25: =IFERROR(VLOOKUP(H25,Aux!$A:$X,8,0),"") -> #VALUE! | H25: {=INDIRECT(RIGHT(A25,1)&"!T"&8+LEFT(A25,1)*2)} -> Chelsea | I25: =IFERROR(VLOOKUP(H25,Aux!$A:$C,3,0),"") -> #VALUE! | K25: 2 | L25: - | M25: 0 | O25: =IFERROR(VLOOKUP(P25,Aux!$A:$C,3,0),"") -> #VALUE! | P25: {=INDIRECT(RIGHT(B25,1)&"!T"&8+LEFT(B25,1)*2)} -> Boca Juniors | Q25: =IFERROR(VLOOKUP(P25,Aux!$A:$X,8,0),"") -> #VALUE! | S25: =+VLOOKUP(C25,Aux!M:AZ,7,0) -> Hard Rock Stadium | U25: =IF(OR(K25="",M25=""),"",IF(K25>M25,H25,IF(K25<M25,P25,IF(OR(K26="",M26=""),"",IF(K26=M26,"",IF(K26>M26,H25,P25)))))) -> Chelsea
H26: Penaltis | L26: -
A28: 1F | B28: 2E | C28: 55 | D28: =VLOOKUP(C28,Aux!M:AH,4,0) -> 45839.875 | E28: =VLOOKUP(C28,Aux!M:AH,4,0) -> 45839.875 | G28: =IFERROR(VLOOKUP(H28,Aux!$A:$X,8,0),"") -> #VALUE! | H28: {=INDIRECT(RIGHT(A28,1)&"!T"&8+LEFT(A28,1)*2)} -> Borussia Dortmund | I28: =IFERROR(VLOOKUP(H28,Aux!$A:$C,3,0),"") -> #VALUE! | K28: 1 | L28: - | M28: 2 | O28: =IFERROR(VLOOKUP(P28,Aux!$A:$C,3,0),"") -> #VALUE! | P28: {=INDIRECT(RIGHT(B28,1)&"!T"&8+LEFT(B28,1)*2)} -> Inter de Milán | Q28: =IFERROR(VLOOKUP(P28,Aux!$A:$X,8,0),"") -> #VALUE! | S28: =+VLOOKUP(C28,Aux!M:AZ,7,0) -> Hard Rock Stadium | U28: =IF(OR(K28="",M28=""),"",IF(K28>M28,H28,IF(K28<M28,P28,IF(OR(K29="",M29=""),"",IF(K29=M29,"",IF(K29>M29,H28,P28)))))) -> Inter de Milán
H29: Penaltis | L29: -
A31: 1H | B31: 2G | C31: =+C28+1 -> 56 | D31: =VLOOKUP(C31,Aux!M:AH,4,0) -> 45840.125 | E31: =VLOOKUP(C31,Aux!M:AH,4,0) -> 45840.125 | G31: =IFERROR(VLOOKUP(H31,Aux!$A:$X,8,0),"") -> #VALUE! | H31: {=INDIRECT(RIGHT(A31,1)&"!T"&8+LEFT(A31,1)*2)} -> Real Madrid | I31: =IFERROR(VLOOKUP(H31,Aux!$A:$C,3,0),"") -> #VALUE! | K31: 2 | L31: - | M31: 0 | O31: =IFERROR(VLOOKUP(P31,Aux!$A:$C,3,0),"") -> #VALUE! | P31: {=INDIRECT(RIGHT(B31,1)&"!T"&8+LEFT(B31,1)*2)} -> Juventus | Q31: =IFERROR(VLOOKUP(P31,Aux!$A:$X,8,0),"") -> #VALUE! | S31: =+VLOOKUP(C31,Aux!M:AZ,7,0) -> Mercedes-Benz Stadium | U31: =IF(OR(K31="",M31=""),"",IF(K31>M31,H31,IF(K31<M31,P31,IF(OR(K32="",M32=""),"",IF(K32=M32,"",IF(K32>M32,H31,P31)))))) -> Real Madrid
H32: Penaltis | L32: -
U36: Aprendiz de Excel
U38: Vídeo YouTube

Sheet Cuartos
A1: Aprendiz de Excel - Mundial de Clubes 2025
X4: Aprendiz de Excel
X6: Vídeo YouTube
C8: # | D8: Fechas | E8: Horas | H8: CUARTOS | S8: Estadios | U8: Ganadores
C10: 57 | D10: =VLOOKUP(C10,Aux!M:AH,4,0) -> 45842.875 | E10: =VLOOKUP(C10,Aux!M:AH,4,0) -> 45842.875 | G10: =IFERROR(VLOOKUP(H10,Aux!$A:$X,8,0),"") -> #VALUE! | H10: =Octavos!U10 -> Atlético de Madrid | I10: =IFERROR(VLOOKUP(H10,Aux!$A:$C,3,0),"") -> #VALUE! | K10: 1 | L10: - | M10: 2 | O10: =IFERROR(VLOOKUP(P10,Aux!$A:$C,3,0),"") -> #VALUE! | P10: =Octavos!U13 -> Bayern Múnich | Q10: =IFERROR(VLOOKUP(P10,Aux!$A:$X,8,0),"") -> #VALUE! | S10: =+VLOOKUP(C10,Aux!M:AZ,7,0) -> Camping World Stadium | U10: =IF(OR(K10="",M10=""),"",IF(K10>M10,H10,IF(K10<M10,P10,IF(OR(K11="",M11=""),"",IF(K11=M11,"",IF(K11>M11,H10,P10)))))) -> Bayern Múnich
H11: Penaltis | L11: -
C13: =C10+1 -> 58 | D13: =VLOOKUP(C13,Aux!M:AH,4,0) -> 45843.125 | E13: =VLOOKUP(C13,Aux!M:AH,4,0) -> 45843.125 | G13: =IFERROR(VLOOKUP(H13,Aux!$A:$X,8,0),"") -> #VALUE! | H13: =Octavos!U16 -> River Plate | I13: =IFERROR(VLOOKUP(H13,Aux!$A:$C,3,0),"") -> #VALUE! | K13: 1 | L13: - | M13: 1 | O13: =IFERROR(VLOOKUP(P13,Aux!$A:$C,3,0),"") -> #VALUE! | P13: =Octavos!U19 -> Manchester City | Q13: =IFERROR(VLOOKUP(P13,Aux!$A:$X,8,0),"") -> #VALUE! | S13: =+VLOOKUP(C13,Aux!M:AZ,7,0) -> Lincoln Financial Field | U13: =IF(OR(K13="",M13=""),"",IF(K13>M13,H13,IF(K13<M13,P13,IF(OR(K14="",M14=""),"",IF(K14=M14,"",IF(K14>M14,H13,P13)))))) -> River Plate
H14: Penaltis | K14: 4 | L14: - | M14: 3
C16: =+C13+1 -> 59 | D16: =VLOOKUP(C16,Aux!M:AH,4,0) -> 45843.75 | E16: =VLOOKUP(C16,Aux!M:AH,4,0) -> 45843.75 | G16: =IFERROR(VLOOKUP(H16,Aux!$A:$X,8,0),"") -> #VALUE! | H16: =Octavos!U22 -> Paris Saint-Germain | I16: =IFERROR(VLOOKUP(H16,Aux!$A:$C,3,0),"") -> #VALUE! | K16: 2 | L16: - | M16: 3 | O16: =IFERROR(VLOOKUP(P16,Aux!$A:$C,3,0),"") -> #VALUE! | P16: =Octavos!U25 -> Chelsea | Q16: =IFERROR(VLOOKUP(P16,Aux!$A:$X,8,0),"") -> #VALUE! | S16: =+VLOOKUP(C16,Aux!M:AZ,7,0) -> Mercedes-Benz Stadium | U16: =IF(OR(K16="",M16=""),"",IF(K16>M16,H16,IF(K16<M16,P16,IF(OR(K17="",M17=""),"",IF(K17=M17,"",IF(K17>M17,H16,P16)))))) -> Chelsea
H17: Penaltis | L17: -
C19: =+C16+1 -> 60 | D19: =VLOOKUP(C19,Aux!M:AH,4,0) -> 45843.917 | E19: =VLOOKUP(C19,Aux!M:AH,4,0) -> 45843.917 | G19: =IFERROR(VLOOKUP(H19,Aux!$A:$X,8,0),"") -> #VALUE! | H19: =Octavos!U28 -> Inter de Milán | I19: =IFERROR(VLOOKUP(H19,Aux!$A:$C,3,0),"") -> #VALUE! | K19: 1 | L19: - | M19: 3 | O19: =IFERROR(VLOOKUP(P19,Aux!$A:$C,3,0),"") -> #VALUE! | P19: =Octavos!U31 -> Real Madrid | Q19: =IFERROR(VLOOKUP(P19,Aux!$A:$X,8,0),"") -> #VALUE! | S19: =+VLOOKUP(C19,Aux!M:AZ,7,0) -> MetLife Stadium | U19: =IF(OR(K19="",M19=""),"",IF(K19>M19,H19,IF(K19<M19,P19,IF(OR(K20="",M20=""),"",IF(K20=M20,"",IF(K20>M20,H19,P19)))))) -> Real Madrid
H20: Penaltis | L20: -

Sheet Semis
A1: Aprendiz de Excel - Mundial de Clubes 2025
X4: Aprendiz de Excel
X6: Vídeo YouTube
C8: # | D8: Fechas | E8: Horas | H8: CUARTOS | S8: Estadios | U8: Ganadores
C10: 61 | D10: =VLOOKUP(C10,Aux!M:AH,4,0) -> 45846.875 | E10: =VLOOKUP(C10,Aux!M:AH,4,0) -> 45846.875 | G10: =IFERROR(VLOOKUP(H10,Aux!$A:$X,8,0),"") -> #VALUE! | H10: =Cuartos!U10 -> Bayern Múnich | I10: =IFERROR(VLOOKUP(H10,Aux!$A:$C,3,0),"") -> #VALUE! | K10: 2 | L10: - | M10: 1 | O10: =IFERROR(VLOOKUP(P10,Aux!$A:$C,3,0),"") -> #VALUE! | P10: =Cuartos!U13 -> River Plate | Q10: =IFERROR(VLOOKUP(P10,Aux!$A:$X,8,0),"") -> #VALUE! | S10: =+VLOOKUP(C10,Aux!M:AZ,7,0) -> MetLife Stadium | U10: =IF(OR(K10="",M10=""),"",IF(K10>M10,H10,IF(K10<M10,P10,IF(OR(K11="",M11=""),"",IF(K11=M11,"",IF(K11>M11,H10,P10)))))) -> Bayern Múnich
H11: Penaltis | L11: -
C13: =C10+1 -> 62 | D13: =VLOOKUP(C13,Aux!M:AH,4,0) -> 45847.875 | E13: =VLOOKUP(C13,Aux!M:AH,4,0) -> 45847.875 | G13: =IFERROR(VLOOKUP(H13,Aux!$A:$X,8,0),"") -> #VALUE! | H13: =Cuartos!U16 -> Chelsea | I13: =IFERROR(VLOOKUP(H13,Aux!$A:$C,3,0),"") -> #VALUE! | K13: 1 | L13: - | M13: 2 | O13: =IFERROR(VLOOKUP(P13,Aux!$A:$C,3,0),"") -> #VALUE! | P13: =Cuartos!U19 -> Real Madrid | Q13: =IFERROR(VLOOKUP(P13,Aux!$A:$X,8,0),"") -> #VALUE! | S13: =+VLOOKUP(C13,Aux!M:AZ,7,0) -> MetLife Stadium | U13: =IF(OR(K13="",M13=""),"",IF(K13>M13,H13,IF(K13<M13,P13,IF(OR(K14="",M14=""),"",IF(K14=M14,"",IF(K14>M14,H13,P13)))))) -> Real Madrid
H14: Penaltis | L14: -

Sheet Final
A1: Aprendiz de Excel - Mundial de Clubes 2025
X4: Aprendiz de Excel
X6: Vídeo YouTube
C8: # | D8: Fechas | E8: Horas | H8: FINAL | S8: Estadios
C10: 63 | D10: =VLOOKUP(C10,Aux!M:AH,4,0) -> 45851.875 | E10: =VLOOKUP(C10,Aux!M:AH,4,0) -> 45851.875 | G10: =IFERROR(VLOOKUP(H10,Aux!$A:$X,8,0),"") -> #VALUE! | H10: =Semis!U10 -> Bayern Múnich | I10: =IFERROR(VLOOKUP(H10,Aux!$A:$C,3,0),"") -> #VALUE! | K10: 1 | L10: - | M10: 2 | O10: =IFERROR(VLOOKUP(P10,Aux!$A:$C,3,0),"") -> #VALUE! | P10: =Semis!U13 -> Real Madrid | Q10: =IFERROR(VLOOKUP(P10,Aux!$A:$X,8,0),"") -> #VALUE! | S10: =+VLOOKUP(C10,Aux!M:AZ,7,0) -> MetLife Stadium | U10: =IF(OR(K10="",M10=""),"",IF(K10>M10,H10,IF(K10<M10,P10,IF(OR(K11="",M11=""),"",IF(K11=M11,"",IF(K11>M11,H10,P10)))))) -> Real Madrid
H11: Penaltis | L11: -
H14: CAMPEÓN DEL MUNDO 2025
H17: =IFERROR(VLOOKUP(I17,Aux!$A:$X,8,0),"") -> #VALUE! | I17: =U10 -> Real Madrid | P17: =IFERROR(VLOOKUP(I17,Aux!$A:$C,3,0),"") -> #VALUE!

Sheet Aux
A1: Equipo | B1: URL Equipo | C1: Banderas | D1: Banderas | E1: País | F1: URL Equipo | G1: Banderas | H1: Banderas | I1: Confederación | L1: GMT Usuario | M1: Partido | N1: GMT Local | O1: Día y hora | P1: Hora usuario | Q1: Local | R1: Visitante | S1: Estadio | T1: Grupos | U1: GL | V1: GV | Y1: Grupo | Z1: Equipo | AA1: País | AD1: Bonus porra
A2: Al-Ahly | B2: https://www.zerozero.pt/img/logos/equipas/2413_imgbank_1733410424.png | C2: =+_xlfn.IMAGE(B2) -> #VALUE! | D2: #VALUE! | E2: Egipto | F2: https://upload.wikimedia.org/wikipedia/commons/thumb/f/fe/Flag_of_Egypt.svg/1200px-Flag_of_Egypt.svg.png | G2: =+_xlfn.IMAGE(F2) -> #VALUE! | H2: #VALUE! | I2: África | L2: =+Normas!G32 -> 2 | M2: 0 | N2: -7 | O2: 45808.812 | P2: =+O2-N2/24+$L$2/24 -> 45809.188 | Q2: Los Angeles | R2: América | S2: BMO Stadium | T2: Previa | U2: =IF(VLOOKUP(M2,INDIRECT(T2&"!C:AZ"),9,0)="","",VLOOKUP(M2,INDIRECT(T2&"!C:AZ"),9,0)) -> 2 | V2: =IF(VLOOKUP(M2,INDIRECT(T2&"!C:AZ"),9,0)="","",VLOOKUP(M2,INDIRECT(T2&"!C:AZ"),11,0)) -> 1 | Y2: A | Z2: A1 | AA2: Al-Ahly | AD2: Ggol | AE2: =+Normas!C7 -> 0
A3: Wydad Casablanca | B3: https://static.wikia.nocookie.net/logopedia/images/d/da/Logo-wac-2019.png/revision/latest?cb=20190823134518 | C3: =+_xlfn.IMAGE(B3) -> #VALUE! | D3: #VALUE! | E3: Marruecos | F3: https://upload.wikimedia.org/wikipedia/commons/thumb/2/2c/Flag_of_Morocco.svg/330px-Flag_of_Morocco.svg.png | G3: =+_xlfn.IMAGE(F3) -> #VALUE! | H3: #VALUE! | I3: África | L3: =IF(Previa!U10="","Los Angeles/America",Previa!U10) -> Los Angeles | M3: 1 | N3: -4 | O3: 45822.833 | P3: =+O3-N3/24+$L$2/24 -> 45823.083 | Q3: Al-Ahly | R3: Inter Miami | S3: Hard Rock Stadium | T3: A | U3: =IF(VLOOKUP(M3,INDIRECT(T3&"!B:AZ"),9,0)="","",VLOOKUP(M3,INDIRECT(T3&"!B:AZ"),9,0)) -> 0 | V3: =IF(VLOOKUP(M3,INDIRECT(T3&"!B:AZ"),11,0)="","",VLOOKUP(M3,INDIRECT(T3&"!B:AZ"),11,0)) -> 2 | Y3: A | Z3: A2 | AA3: Inter Miami | AD3: Gsigno | AE3: =+Normas!C6 -> 3
A4: Espérance de Tunis | B4: https://a.espncdn.com/i/teamlogos/soccer/500/8377.png | C4: =+_xlfn.IMAGE(B4) -> #VALUE! | D4: #VALUE! | E4: Túnez | F4: https://upload.wikimedia.org/wikipedia/commons/thumb/c/ce/Flag_of_Tunisia.svg/960px-Flag_of_Tunisia.svg.png | G4: =+_xlfn.IMAGE(F4) -> #VALUE! | H4: #VALUE! | I4: África | M4: 4 | N4: -4 | O4: 45823.75 | P4: =+O4-N4/24+$L$2/24 -> 45824 | Q4: Palmeiras | R4: Porto | S4: MetLife Stadium | T4: A | U4: =IF(VLOOKUP(M4,INDIRECT(T4&"!B:AZ"),9,0)="","",VLOOKUP(M4,INDIRECT(T4&"!B:AZ"),9,0)) -> 1 | V4: =IF(VLOOKUP(M4,INDIRECT(T4&"!B:AZ"),11,0)="","",VLOOKUP(M4,INDIRECT(T4&"!B:AZ"),11,0)) -> 1 | Y4: A | Z4: A3 | AA4: Palmeiras | AD4: Gbonus | AE4: =+Normas!C8 -> 5
A5: Mamelodi Sundowns | B5: https://upload.wikimedia.org/wikipedia/en/thumb/c/c6/Mamelodi_Sundowns_F.C.svg/1200px-Mamelodi_Sundowns_F.C.svg.png | C5: =+_xlfn.IMAGE(B5) -> #VALUE! | D5: #VALUE! | E5: Sudáfrica | F5: https://upload.wikimedia.org/wikipedia/commons/thumb/a/af/Flag_of_South_Africa.svg/1200px-Flag_of_South_Africa.svg.png | G5: =+_xlfn.IMAGE(F5) -> #VALUE! | H5: #VALUE! | I5: África | M5: 17 | N5: -4 | O5: 45827.5 | P5: =+O5-N5/24+$L$2/24 -> 45827.75 | Q5: Palmeiras | R5: Al-Ahly | S5: MetLife Stadium | T5: A | U5: =IF(VLOOKUP(M5,INDIRECT(T5&"!B:AZ"),9,0)="","",VLOOKUP(M5,INDIRECT(T5&"!B:AZ"),9,0)) -> 2 | V5: =IF(VLOOKUP(M5,INDIRECT(T5&"!B:AZ"),11,0)="","",VLOOKUP(M5,INDIRECT(T5&"!B:AZ"),11,0)) -> 0 | Y5: A | Z5: A4 | AA5: Porto | AD5: Ogol | AE5: =+Normas!C10 -> 0
A6: Palmeiras | B6: https://upload.wikimedia.org/wikipedia/commons/thumb/1/10/Palmeiras_logo.svg/160px-Palmeiras_logo.svg.png | C6: =+_xlfn.IMAGE(B6) -> #VALUE! | D6: #VALUE! | E6: Brasil | F6: https://upload.wikimedia.org/wikipedia/commons/thumb/0/05/Flag_of_Brazil.svg/640px-Flag_of_Brazil.svg.png | G6: =+_xlfn.IMAGE(F6) -> #VALUE! | H6: #VALUE! | I6: Sudamérica | M6: 18 | N6: -4 | O6: 45827.625 | P6: =+O6-N6/24+$L$2/24 -> 45827.875 | Q6: Inter Miami | R6: Porto | S6: Mercedes-Benz Stadium | T6: A | U6: =IF(VLOOKUP(M6,INDIRECT(T6&"!B:AZ"),9,0)="","",VLOOKUP(M6,INDIRECT(T6&"!B:AZ"),9,0)) -> 1 | V6: =IF(VLOOKUP(M6,INDIRECT(T6&"!B:AZ"),11,0)="","",VLOOKUP(M6,INDIRECT(T6&"!B:AZ"),11,0)) -> 2 | Y6: B | Z6: B1 | AA6: Paris Saint-Germain | AD6: Osigno | AE6: =+Normas!C9 -> 9
A7: Flamengo | B7: https://upload.wikimedia.org/wikipedia/commons/thumb/2/2e/Flamengo_braz_logo.svg/1200px-Flamengo_braz_logo.svg.png | C7: =+_xlfn.IMAGE(B7) -> #VALUE! | D7: #VALUE! | E7: Brasil | F7: https://upload.wikimedia.org/wikipedia/commons/thumb/0/05/Flag_of_Brazil.svg/640px-Flag_of_Brazil.svg.png | G7: =+_xlfn.IMAGE(F7) -> #VALUE! | H7: #VALUE! | I7: Sudamérica | M7: 35 | N7: -4 | O7: 45831.875 | P7: =+O7-N7/24+$L$2/24 -> 45832.125 | Q7: Inter Miami | R7: Palmeiras | S7: Hard Rock Stadium | T7: A | U7: =IF(VLOOKUP(M7,INDIRECT(T7&"!B:AZ"),9,0)="","",VLOOKUP(M7,INDIRECT(T7&"!B:AZ"),9,0)) -> 2 | V7: =IF(VLOOKUP(M7,INDIRECT(T7&"!B:AZ"),11,0)="","",VLOOKUP(M7,INDIRECT(T7&"!B:AZ"),11,0)) -> 3 | Y7: B | Z7: B2 | AA7: Atlético de Madrid | AD7: Obonus | AE7: =+Normas!C11 -> 15
A8: Fluminense | B8: https://upload.wikimedia.org/wikipedia/commons/a/ad/Fluminense_FC_escudo.png | C8: =+_xlfn.IMAGE(B8) -> #VALUE! | D8: #VALUE! | E8: Brasil | F8: https://upload.wikimedia.org/wikipedia/commons/thumb/0/05/Flag_of_Brazil.svg/640px-Flag_of_Brazil.svg.png | G8: =+_xlfn.IMAGE(F8) -> #VALUE! | H8: #VALUE! | I8: Sudamérica | M8: 36 | N8: -4 | O8: 45831.875 | P8: =+O8-N8/24+$L$2/24 -> 45832.125 | Q8: Porto | R8: Al-Ahly | S8: MetLife Stadium | T8: A | U8: =IF(VLOOKUP(M8,INDIRECT(T8&"!B:AZ"),9,0)="","",VLOOKUP(M8,INDIRECT(T8&"!B:AZ"),9,0)) -> 2 | V8: =IF(VLOOKUP(M8,INDIRECT(T8&"!B:AZ"),11,0)="","",VLOOKUP(M8,INDIRECT(T8&"!B:AZ"),11,0)) -> 0 | Y8: B | Z8: B3 | AA8: Botafogo | AD8: Cgol | AE8: =+Normas!C13 -> 0
A9: Botafogo | B9: https://upload.wikimedia.org/wikipedia/commons/thumb/5/52/Botafogo_de_Futebol_e_Regatas_logo.svg/1200px-Botafogo_de_Futebol_e_Regatas_logo.svg.png | C9: =+_xlfn.IMAGE(B9) -> #VALUE! | D9: #VALUE! | E9: Brasil | F9: https://upload.wikimedia.org/wikipedia/commons/thumb/0/05/Flag_of_Brazil.svg/640px-Flag_of_Brazil.svg.png | G9: =+_xlfn.IMAGE(F9) -> #VALUE! | H9: #VALUE! | I9: Sudamérica | M9: 3 | N9: -7 | O9: 45823.5 | P9: =+O9-N9/24+$L$2/24 -> 45823.875 | Q9: Paris Saint-Germain | R9: Atlético de Madrid | S9: Rose Bowl | T9: B | U9: =IF(VLOOKUP(M9,INDIRECT(T9&"!B:AZ"),9,0)="","",VLOOKUP(M9,INDIRECT(T9&"!B:AZ"),9,0)) -> 1 | V9: =IF(VLOOKUP(M9,INDIRECT(T9&"!B:AZ"),11,0)="","",VLOOKUP(M9,INDIRECT(T9&"!B:AZ"),11,0)) -> 1 | Y9: B | Z9: B4 | AA9: Seattle Sounders | AD9: Csigno | AE9: =+Normas!C12 -> 9
A10: River Plate | B10: https://upload.wikimedia.org/wikipedia/commons/thumb/a/ac/Escudo_del_C_A_River_Plate.svg/800px-Escudo_del_C_A_River_Plate.svg.png | C10: =+_xlfn.IMAGE(B10) -> #VALUE! | D10: #VALUE! | E10: Argentina | F10: https://img.freepik.com/vector-gratis/ilustracion-bandera-argentina_53876-27120.jpg | G10: =+_xlfn.IMAGE(F10) -> #VALUE! | H10: #VALUE! | I10: Sudamérica | M10: 5 | N10: -7 | O10: 45823.792 | P10: =+O10-N10/24+$L$2/24 -> 45824.167 | Q10: Botafogo | R10: Seattle Sounders | S10: Lumen Field | T10: B | U10: =IF(VLOOKUP(M10,INDIRECT(T10&"!B:AZ"),9,0)="","",VLOOKUP(M10,INDIRECT(T10&"!B:AZ"),9,0)) -> 2 | V10: =IF(VLOOKUP(M10,INDIRECT(T10&"!B:AZ"),11,0)="","",VLOOKUP(M10,INDIRECT(T10&"!B:AZ"),11,0)) -> 0 | Y10: C | Z10: C1 | AA10: Bayern Múnich | AD10: Cbonus | AE10: =+Normas!C14 -> 15
A11: Boca Juniors | B11: https://upload.wikimedia.org/wikipedia/commons/thumb/4/41/CABJ70.png/1200px-CABJ70.png | C11: =+_xlfn.IMAGE(B11) -> #VALUE! | D11: #VALUE! | E11: Argentina | F11: https://img.freepik.com/vector-gratis/ilustracion-bandera-argentina_53876-27120.jpg | G11: =+_xlfn.IMAGE(F11) -> #VALUE! | H11: #VALUE! | I11: Sudamérica | M11: 19 | N11: -7 | O11: 45827.625 | P11: =+O11-N11/24+$L$2/24 -> 45828 | Q11: Seattle Sounders | R11: Atlético de Madrid | S11: Lumen Field | T11: B | U11: =IF(VLOOKUP(M11,INDIRECT(T11&"!B:AZ"),9,0)="","",VLOOKUP(M11,INDIRECT(T11&"!B:AZ"),9,0)) -> 1 | V11: =IF(VLOOKUP(M11,INDIRECT(T11&"!B:AZ"),11,0)="","",VLOOKUP(M11,INDIRECT(T11&"!B:AZ"),11,0)) -> 2 | Y11: C | Z11: C2 | AA11: Auckland City | AD11: Sgol | AE11: =+Normas!C16 -> 0
A12: Al-Hilal | B12: https://upload.wikimedia.org/wikipedia/commons/thumb/5/57/Al-Hilal_SFC_logo.svg/1039px-Al-Hilal_SFC_logo.svg.png | C12: =+_xlfn.IMAGE(B12) -> #VALUE! | D12: #VALUE! | E12: Arabia Saudí | F12: https://upload.wikimedia.org/wikipedia/commons/thumb/0/0d/Flag_of_Saudi_Arabia.svg/1200px-Flag_of_Saudi_Arabia.svg.png | G12: =+_xlfn.IMAGE(F12) -> #VALUE! | H12: #VALUE! | I12: Asia | M12: 20 | N12: -7 | O12: 45827.75 | P12: =+O12-N12/24+$L$2/24 -> 45828.125 | Q12: Paris Saint-Germain | R12: Botafogo | S12: Rose Bowl | T12: B | U12: =IF(VLOOKUP(M12,INDIRECT(T12&"!B:AZ"),9,0)="","",VLOOKUP(M12,INDIRECT(T12&"!B:AZ"),9,0)) -> 2 | V12: =IF(VLOOKUP(M12,INDIRECT(T12&"!B:AZ"),11,0)="","",VLOOKUP(M12,INDIRECT(T12&"!B:AZ"),11,0)) -> 0 | Y12: C | Z12: C3 | AA12: Boca Juniors | AD12: Ssigno | AE12: =+Normas!C15 -> 9
A13: Urawa Red Diamonds | B13: https://a.espncdn.com/combiner/i?img=/i/teamlogos/soccer/500/3385.png | C13: =+_xlfn.IMAGE(B13) -> #VALUE! | D13: #VALUE! | E13: Japón | F13: https://www.grafimetal.com/wp-content/uploads/2015/11/bandera-japan1.jpg | G13: =+_xlfn.IMAGE(F13) -> #VALUE! | H13: #VALUE! | I13: Asia | M13: 33 | N13: -7 | O13: 45831.5 | P13: =+O13-N13/24+$L$2/24 -> 45831.875 | Q13: Seattle Sounders | R13: Paris Saint-Germain | S13: Lumen Field | T13: B | U13: =IF(VLOOKUP(M13,INDIRECT(T13&"!B:AZ"),9,0)="","",VLOOKUP(M13,INDIRECT(T13&"!B:AZ"),9,0)) -> 0 | V13: =IF(VLOOKUP(M13,INDIRECT(T13&"!B:AZ"),11,0)="","",VLOOKUP(M13,INDIRECT(T13&"!B:AZ"),11,0)) -> 4 | Y13: C | Z13: C4 | AA13: Benfica | AD13: Sbonus | AE13: =+Normas!C17 -> 15
A14: Al-Ain | B14: https://upload.wikimedia.org/wikipedia/en/6/62/Al_Ain_FC_logo_2024.png | C14: =+_xlfn.IMAGE(B14) -> #VALUE! | D14: #VALUE! | E14: Emiratos Árabes Unidos | F14: https://static.vecteezy.com/system/resources/previews/006/601/706/non_2x/united-arab-emirates-flag-with-waving-effect-official-proportion-vector.jpg | G14: =+_xlfn.IMAGE(F14) -> #VALUE! | H14: #VALUE! | I14: Asia | M14: 34 | N14: -7 | O14: 45831.5 | P14: =+O14-N14/24+$L$2/24 -> 45831.875 | Q14: Atlético de Madrid | R14: Botafogo | S14: Rose Bowl | T14: B | U14: =IF(VLOOKUP(M14,INDIRECT(T14&"!B:AZ"),9,0)="","",VLOOKUP(M14,INDIRECT(T14&"!B:AZ"),9,0)) -> 1 | V14: =IF(VLOOKUP(M14,INDIRECT(T14&"!B:AZ"),11,0)="","",VLOOKUP(M14,INDIRECT(T14&"!B:AZ"),11,0)) -> 0 | Y14: D | Z14: D1 | AA14: Flamengo | AD14: Fgol | AE14: =+Normas!C19 -> 0
A15: Ulsan HD | B15: https://upload.wikimedia.org/wikipedia/en/thumb/b/b5/Ulsan_Hyundai_FC.svg/1200px-Ulsan_Hyundai_FC.svg.png | C15: =+_xlfn.IMAGE(B15) -> #VALUE! | D15: #VALUE! | E15: Corea del Sur | F15: https://upload.wikimedia.org/wikipedia/commons/thumb/0/09/Flag_of_South_Korea.svg/800px-Flag_of_South_Korea.svg.png | G15: =+_xlfn.IMAGE(F15) -> #VALUE! | H15: #VALUE! | I15: Asia | M15: 2 | N15: -4 | O15: 45823.5 | P15: =+O15-N15/24+$L$2/24 -> 45823.75 | Q15: Bayern Múnich | R15: Auckland City | S15: TQL Stadium | T15: C | U15: =IF(VLOOKUP(M15,INDIRECT(T15&"!B:AZ"),9,0)="","",VLOOKUP(M15,INDIRECT(T15&"!B:AZ"),9,0)) -> 5 | V15: =IF(VLOOKUP(M15,INDIRECT(T15&"!B:AZ"),11,0)="","",VLOOKUP(M15,INDIRECT(T15&"!B:AZ"),11,0)) -> 0 | Y15: D | Z15: D2 | AA15: Espérance de Tunis | AD15: Fsigno | AE15: =+Normas!C18 -> 9
A16: Chelsea | B16: https://upload.wikimedia.org/wikipedia/en/thumb/c/cc/Chelsea_FC.svg/800px-Chelsea_FC.svg.png | C16: =+_xlfn.IMAGE(B16) -> #VALUE! | D16: #VALUE! | E16: Inglaterra | F16: https://upload.wikimedia.org/wikipedia/commons/thumb/b/be/Flag_of_England.svg/1200px-Flag_of_England.svg.png | G16: =+_xlfn.IMAGE(F16) -> #VALUE! | H16: #VALUE! | I16: Europa | M16: 7 | N16: -4 | O16: 45824.75 | P16: =+O16-N16/24+$L$2/24 -> 45825 | Q16: Boca Juniors | R16: Benfica | S16: Hard Rock Stadium | T16: C | U16: =IF(VLOOKUP(M16,INDIRECT(T16&"!B:AZ"),9,0)="","",VLOOKUP(M16,INDIRECT(T16&"!B:AZ"),9,0)) -> 1 | V16: =IF(VLOOKUP(M16,INDIRECT(T16&"!B:AZ"),11,0)="","",VLOOKUP(M16,INDIRECT(T16&"!B:AZ"),11,0)) -> 1 | Y16: D | Z16: D3 | AA16: Chelsea | AD16: Fbonus | AE16: =+Normas!C20 -> 15
A17: Real Madrid | B17: https://upload.wikimedia.org/wikipedia/en/thumb/5/56/Real_Madrid_CF.svg/1200px-Real_Madrid_CF.svg.png | C17: =+_xlfn.IMAGE(B17) -> #VALUE! | D17: #VALUE! | E17: España | F17: https://upload.wikimedia.org/wikipedia/commons/thumb/8/89/Bandera_de_Espa%C3%B1a.svg/2560px-Bandera_de_Espa%C3%B1a.svg.png | G17: =+_xlfn.IMAGE(F17) -> #VALUE! | H17: #VALUE! | I17: Europa | M17: 21 | N17: -4 | O17: 45828.5 | P17: =+O17-N17/24+$L$2/24 -> 45828.75 | Q17: Benfica | R17: Auckland City | S17: Inter&Co Stadium | T17: C | U17: =IF(VLOOKUP(M17,INDIRECT(T17&"!B:AZ"),9,0)="","",VLOOKUP(M17,INDIRECT(T17&"!B:AZ"),9,0)) -> 1 | V17: =IF(VLOOKUP(M17,INDIRECT(T17&"!B:AZ"),11,0)="","",VLOOKUP(M17,INDIRECT(T17&"!B:AZ"),11,0)) -> 0 | Y17: D | Z17: D4 | AA17: =+L3 -> Los Angeles | AD17: EquiposCampeonG | AE17: =+Normas!C21 -> 15
A18: Manchester City | B18: https://upload.wikimedia.org/wikipedia/en/thumb/e/eb/Manchester_City_FC_badge.svg/1200px-Manchester_City_FC_badge.svg.png | C18: =+_xlfn.IMAGE(B18) -> #VALUE! | D18: #VALUE! | E18: Inglaterra | F18: https://upload.wikimedia.org/wikipedia/commons/thumb/b/be/Flag_of_England.svg/1200px-Flag_of_England.svg.png | G18: =+_xlfn.IMAGE(F18) -> #VALUE! | H18: #VALUE! | I18: Europa | M18: 24 | N18: -4 | O18: 45828.875 | P18: =+O18-N18/24+$L$2/24 -> 45829.125 | Q18: Bayern Múnich | R18: Boca Juniors | S18: Hard Rock Stadium | T18: C | U18: =IF(VLOOKUP(M18,INDIRECT(T18&"!B:AZ"),9,0)="","",VLOOKUP(M18,INDIRECT(T18&"!B:AZ"),9,0)) -> 4 | V18: =IF(VLOOKUP(M18,INDIRECT(T18&"!B:AZ"),11,0)="","",VLOOKUP(M18,INDIRECT(T18&"!B:AZ"),11,0)) -> 0 | Y18: E | Z18: E1 | AA18: River Plate | AD18: EquiposOctavos | AE18: =+Normas!C22 -> 20
A19: Bayern Múnich | B19: https://upload.wikimedia.org/wikipedia/commons/thumb/1/1b/FC_Bayern_M%C3%BCnchen_logo_%282017%29.svg/1200px-FC_Bayern_M%C3%BCnchen_logo_%282017%29.svg.png | C19: =+_xlfn.IMAGE(B19) -> #VALUE! | D19: #VALUE! | E19: Alemania | F19: https://upload.wikimedia.org/wikipedia/commons/thumb/b/ba/Flag_of_Germany.svg/200px-Flag_of_Germany.svg.png | G19: =+_xlfn.IMAGE(F19) -> #VALUE! | H19: #VALUE! | I19: Europa | M19: 37 | N19: -5 | O19: 45832.583 | P19: =+O19-N19/24+$L$2/24 -> 45832.875 | Q19: Auckland City | R19: Boca Juniors | S19: Geodis Park | T19: C | U19: =IF(VLOOKUP(M19,INDIRECT(T19&"!B:AZ"),9,0)="","",VLOOKUP(M19,INDIRECT(T19&"!B:AZ"),9,0)) -> 0 | V19: =IF(VLOOKUP(M19,INDIRECT(T19&"!B:AZ"),11,0)="","",VLOOKUP(M19,INDIRECT(T19&"!B:AZ"),11,0)) -> 2 | Y19: E | Z19: E2 | AA19: Urawa Red Diamonds | AD19: EquiposCuartos | AE19: =+Normas!C23 -> 25
A20: Paris Saint-Germain | B20: https://upload.wikimedia.org/wikipedia/en/thumb/a/a7/Paris_Saint-Germain_F.C..svg/1200px-Paris_Saint-Germain_F.C..svg.png | C20: =+_xlfn.IMAGE(B20) -> #VALUE! | D20: #VALUE! | E20: Francia | F20: https://upload.wikimedia.org/wikipedia/commons/thumb/c/c3/Flag_of_France.svg/330px-Flag_of_France.svg.png | G20: =+_xlfn.IMAGE(F20) -> #VALUE! | H20: #VALUE! | I20: Europa | M20: 38 | N20: -4 | O20: 45832.625 | P20: =+O20-N20/24+$L$2/24 -> 45832.875 | Q20: Benfica | R20: Bayern Múnich | S20: Bank of America Stadium | T20: C | U20: =IF(VLOOKUP(M20,INDIRECT(T20&"!B:AZ"),9,0)="","",VLOOKUP(M20,INDIRECT(T20&"!B:AZ"),9,0)) -> 1 | V20: =IF(VLOOKUP(M20,INDIRECT(T20&"!B:AZ"),11,0)="","",VLOOKUP(M20,INDIRECT(T20&"!B:AZ"),11,0)) -> 4 | Y20: E | Z20: E3 | AA20: Monterrey | AD20: EquiposSemis | AE20: =+Normas!C24 -> 30
A21: Borussia Dortmund | B21: https://upload.wikimedia.org/wikipedia/commons/thumb/6/67/Borussia_Dortmund_logo.svg/160px-Borussia_Dortmund_logo.svg.png | C21: =+_xlfn.IMAGE(B21) -> #VALUE! | D21: #VALUE! | E21: Alemania | F21: https://upload.wikimedia.org/wikipedia/commons/thumb/b/ba/Flag_of_Germany.svg/200px-Flag_of_Germany.svg.png | G21: =+_xlfn.IMAGE(F21) -> #VALUE! | H21: #VALUE! | I21: Europa | M21: 6 | N21: -4 | O21: 45824.625 | P21: =+O21-N21/24+$L$2/24 -> 45824.875 | Q21: Chelsea | R21: =+L3 -> Los Angeles | S21: Mercedes-Benz Stadium | T21: D | U21: =IF(VLOOKUP(M21,INDIRECT(T21&"!B:AZ"),9,0)="","",VLOOKUP(M21,INDIRECT(T21&"!B:AZ"),9,0)) -> 2 | V21: =IF(VLOOKUP(M21,INDIRECT(T21&"!B:AZ"),11,0)="","",VLOOKUP(M21,INDIRECT(T21&"!B:AZ"),11,0)) -> 1 | Y21: E | Z21: E4 | AA21: Inter de Milán | AD21: EquiposFinal | AE21: =+Normas!C25 -> 35
A22: Inter de Milán | B22: https://upload.wikimedia.org/wikipedia/commons/thumb/0/05/FC_Internazionale_Milano_2021.svg/160px-FC_Internazionale_Milano_2021.svg.png | C22: =+_xlfn.IMAGE(B22) -> #VALUE! | D22: #VALUE! | E22: Italia | F22: https://upload.wikimedia.org/wikipedia/commons/thumb/0/03/Flag_of_Italy.svg/1200px-Flag_of_Italy.svg.png | G22: =+_xlfn.IMAGE(F22) -> #VALUE! | H22: #VALUE! | I22: Europa | M22: 8 | N22: -4 | O22: 45824.875 | P22: =+O22-N22/24+$L$2/24 -> 45825.125 | Q22: Flamengo | R22: Espérance de Tunis | S22: Lincoln Financial Field | T22: D | U22: =IF(VLOOKUP(M22,INDIRECT(T22&"!B:AZ"),9,0)="","",VLOOKUP(M22,INDIRECT(T22&"!B:AZ"),9,0)) -> 3 | V22: =IF(VLOOKUP(M22,INDIRECT(T22&"!B:AZ"),11,0)="","",VLOOKUP(M22,INDIRECT(T22&"!B:AZ"),11,0)) -> 0 | Y22: F | Z22: F1 | AA22: Fluminense | AD22: Campeón | AE22: =+Normas!C26 -> 50
A23: Porto | B23: https://upload.wikimedia.org/wikipedia/sco/thumb/f/f1/FC_Porto.svg/1200px-FC_Porto.svg.png | C23: =+_xlfn.IMAGE(B23) -> #VALUE! | D23: #VALUE! | E23: Portugal | F23: https://upload.wikimedia.org/wikipedia/commons/thumb/5/5c/Flag_of_Portugal.svg/800px-Flag_of_Portugal.svg.png | G23: =+_xlfn.IMAGE(F23) -> #VALUE! | H23: #VALUE! | I23: Europa | M23: 22 | N23: -4 | O23: 45828.583 | P23: =+O23-N23/24+$L$2/24 -> 45828.833 | Q23: Flamengo | R23: Chelsea | S23: Lincoln Financial Field | T23: D | U23: =IF(VLOOKUP(M23,INDIRECT(T23&"!B:AZ"),9,0)="","",VLOOKUP(M23,INDIRECT(T23&"!B:AZ"),9,0)) -> 1 | V23: =IF(VLOOKUP(M23,INDIRECT(T23&"!B:AZ"),11,0)="","",VLOOKUP(M23,INDIRECT(T23&"!B:AZ"),11,0)) -> 2 | Y23: F | Z23: F2 | AA23: Borussia Dortmund
A24: Atlético de Madrid | B24: https://static.wikia.nocookie.net/futbol/images/a/a2/Atletico_Madrid_logo.svg.png/revision/latest?cb=20250317111446 | C24: =+_xlfn.IMAGE(B24) -> #VALUE! | D24: #VALUE! | E24: España | F24: https://upload.wikimedia.org/wikipedia/commons/thumb/8/89/Bandera_de_Espa%C3%B1a.svg/2560px-Bandera_de_Espa%C3%B1a.svg.png | G24: =+_xlfn.IMAGE(F24) -> #VALUE! | H24: #VALUE! | I24: Europa | M24: 23 | N24: -5 | O24: 45828.708 | P24: =+O24-N24/24+$L$2/24 -> 45829 | Q24: =+L3 -> Los Angeles | R24: Espérance de Tunis | S24: Geodis Park | T24: D | U24: =IF(VLOOKUP(M24,INDIRECT(T24&"!B:AZ"),9,0)="","",VLOOKUP(M24,INDIRECT(T24&"!B:AZ"),9,0)) -> 2 | V24: =IF(VLOOKUP(M24,INDIRECT(T24&"!B:AZ"),11,0)="","",VLOOKUP(M24,INDIRECT(T24&"!B:AZ"),11,0)) -> 1 | Y24: F | Z24: F3 | AA24: Ulsan HD
